district_id,meter_id,cons_no,cons_name,trade_code,yc_id,地区名称
23,"7,192,043,751",1284213070,上海银行股份有限公司,商业银行,33336,银行卡产业园二期
23,"7,249,270,676",1296230049,中国人民银行征信中心,中央银行,12424593,银行卡产业园二期
23,"8,000,000,046,360,710",1139167389,中国人寿保险股份有限公司,其他银行,52280,银行卡产业园二期
23,"8,000,000,046,361,010",1104962036,上海汇勤物业发展有限公司,其他银行,12700281,银行卡产业园二期
23,"8,100,000,048,432,160",1343191426,上海泽春投资发展有限公司,房地产开发经营,16323505,银行卡产业园二期
23,"8,000,000,046,360,230",63317705,上海市银行卡产业园开发有限公司,房地产开发经营,52175,银行卡产业园二期
23,"8,000,000,046,361,140",1104962036,上海汇勤物业发展有限公司,其他银行,12700282,银行卡产业园二期
23,"7,247,452,027",1139167389,中国人寿保险股份有限公司,其他银行,30078,银行卡产业园二期
23,"7,566,690,620",1332953138,上海浦东环保发展有限公司,环境治理,40355,银行卡产业园二期
23,"8,000,000,046,392,750",1339973124,上海市银行卡产业园开发有限公司,建筑安装业,13692735,银行卡产业园二期
23,"8,000,000,046,360,940",62728014,上海期货交易所,其他商务服务,12688255,银行卡产业园二期
23,"8,000,000,046,408,340",201000595,上海埃依梯塑胶有限公司,塑料包装箱及容器制造,70906,银行卡产业园二期
23,"8,100,000,048,476,050",1114234796,中国电信股份有限公司上海分公司(信息网络部),电信,14957684,银行卡产业园二期
23,"8,000,000,046,395,060",201000594,上海霍格流体控制有限公司,其他未列明的制造业,67548,银行卡产业园二期
23,"7,566,691,876",1332953138,上海浦东环保发展有限公司,环境治理,40356,银行卡产业园二期
23,"8,100,000,048,432,010",63317705,上海市银行卡产业园开发有限公司,房地产开发经营,74697,银行卡产业园二期
23,"8,000,000,046,360,570",1139167389,中国人寿保险股份有限公司,其他银行,52279,银行卡产业园二期
23,"7,247,452,099",1139167389,中国人寿保险股份有限公司,其他银行,30080,银行卡产业园二期
23,"7,192,044,289",1284213070,上海银行股份有限公司,商业银行,33337,银行卡产业园二期
23,"7,058,913,770",63158789,兴业银行股份有限公司,商业银行,17242,银行卡产业园二期
23,"8,000,000,046,360,720",62728014,上海期货交易所,其他商务服务,12688256,银行卡产业园二期
26,"7,058,899,389",201000580,上汽通用汽车有限公司,汽车制造,19874,银行卡产业园一期
26,"8,100,000,048,433,090",211084297,上海精通空调有限公司,其他未列明的服务,75210,银行卡产业园一期
26,"7,370,864,964",1310015050,中国银行股份有限公司上海市分行,商业银行,44813,银行卡产业园一期
26,"7,570,973,229",201000569,上海邮政工程建设部,国家邮政,51102,银行卡产业园一期
26,"7,001,031,850",201000572,上海五洲药业股份有限公司,卫生材料及医药用品制造,392,银行卡产业园一期
26,"8,000,000,046,360,480",61879064,中国银行股份有限公司上海市分行,其他商务服务,12754737,银行卡产业园一期
26,"8,000,000,046,394,090",61368874,上海稳中机械有限公司,其他金属制品制造,68716,银行卡产业园一期
26,"7,570,973,235",201000591,上海金鼎塑料制品有限公司,其他塑料制品制造,51668,银行卡产业园一期
26,"8,000,000,046,393,450",201000586,上海瑞康电子有限公司,电子和电工机械专用设备制造,67544,银行卡产业园一期
26,"8,000,000,046,394,090",201000589,上海蓉尚电器有限公司,其他未列明的制造业,67545,银行卡产业园一期
26,"8,000,000,046,360,210",61650486,深圳德诚物业服务有限公司上海分公司,人寿保险,12658711,银行卡产业园一期
26,"7,566,468,339",201000579,上海物华皮革五金制品有限公司,其他未列明的制造业,59078,银行卡产业园一期
26,"7,370,865,077",1310015050,中国银行股份有限公司上海市分行,商业银行,44814,银行卡产业园一期
26,"7,000,902,902",61174348,交银企业管理服务(上海)有限公司,商业银行,5994,银行卡产业园一期
26,"8,000,000,046,393,970",201001194,濠逸商标印刷(上海)有限公司,电子和电工机械专用设备制造,67560,银行卡产业园一期
26,"8,100,000,048,476,440",1344043340,上海唐银投资发展有限公司,房地产开发经营,16522175,银行卡产业园一期
26,"8,000,000,046,394,960",61776894,上海鸿得利重工有限公司,泵、阀门、压缩机及类似机械的制造,68722,银行卡产业园一期
26,"8,100,000,048,476,860",61419252,上海诺好企业发展有限公司,其他仪器仪表的制造及修理,75118,银行卡产业园一期
26,"7,249,270,422",1301747159,上海张江高科技园区开发股份有限公司,房地产开发经营,43083,银行卡产业园一期
26,"8,000,000,046,361,130",61879064,中国银行股份有限公司上海市分行,其他商务服务,12754732,银行卡产业园一期
26,"8,000,000,046,406,040",201000582,鹏斯房地产开发(上海)有限公司,其他未列明的制造业,70905,银行卡产业园一期
26,"7,570,974,112",201000569,上海邮政工程建设部,国家邮政,51103,银行卡产业园一期
26,"8,000,000,046,393,050",61501381,莎克皮业(上海)有限公司,皮革制品制造,67485,银行卡产业园一期
26,"8,100,000,048,478,140",201000587,上海申达科宝新材料有限公司,其他未列明的制造业,76515,银行卡产业园一期
26,"8,000,000,046,392,800",61145065,上海浦东斯联物资贸易有限公司,其他金属工具制造,68947,银行卡产业园一期
26,"8,000,000,046,361,200",61650486,深圳德诚物业服务有限公司上海分公司,人寿保险,12700248,银行卡产业园一期
26,"8,000,000,046,393,800",201000590,普拉米合金制造(上海)有限公司,电子和电工机械专用设备制造,67546,银行卡产业园一期
26,"8,000,000,046,393,930",201000593,上海伊宏有色金属铸造有限公司,其他未列明的制造业,67547,银行卡产业园一期
26,"7,246,798,313",201001173,明达实业(上海)有限公司,其他未列明的服务,794,银行卡产业园一期
26,"7,249,271,728",1303356870,上海银信企业管理发展有限公司,金融信托与管理,12437504,银行卡产业园一期
26,"8,000,000,046,392,950",61776894,上海鸿得利重工有限公司,泵、阀门、压缩机及类似机械的制造,68721,银行卡产业园一期
26,"8,000,000,046,394,410",201000584,上海秀珀化工有限公司,基础化学原料制造,67543,银行卡产业园一期
26,"7,566,692,962",63361188,中国大地财产保险股份有限公司,房地产开发经营,13272392,银行卡产业园一期
26,"8,000,000,046,393,640",62081642,上海宇韬国际酒店管理有限公司,其他商务服务,67499,银行卡产业园一期
26,"8,100,000,048,432,200",62081642,上海宇韬国际酒店管理有限公司,其他商务服务,72803,银行卡产业园一期
26,"7,561,875,924",201000576,上海航谊弹性器件有限公司,其他未列明的服务,38285,银行卡产业园一期
26,"7,000,913,689",61174348,交银企业管理服务(上海)有限公司,商业银行,5995,银行卡产业园一期
26,"8,000,000,046,230,520",60408238,中国银联股份有限公司,建筑安装业,12422858,银行卡产业园一期
26,"7,246,804,496",201000575,上海大联石油化工有限公司,其他未列明的制造业,19872,银行卡产业园一期
26,"7,566,692,123",63361188,中国大地财产保险股份有限公司,房地产开发经营,13272391,银行卡产业园一期
26,"8,100,000,048,476,830",201000587,上海申达科宝新材料有限公司,其他未列明的制造业,76516,银行卡产业园一期
26,"8,000,000,046,394,950",61145065,上海浦东斯联物资贸易有限公司,其他金属工具制造,68948,银行卡产业园一期
26,"8,000,000,046,393,960",62268216,上海梦富实业有限公司,其他金属制品制造,68724,银行卡产业园一期
26,"8,000,000,046,361,010",201000580,上汽通用汽车有限公司,汽车制造,54407,银行卡产业园一期
26,"8,000,000,046,364,990",201001171,上海大众旋压封头厂,其他金属制品制造,67558,银行卡产业园一期
38,"7,059,049,156",62982523,嘉里建设管理(上海)有限公司,房地产开发经营,29250,新国际博览中心
38,"7,566,695,142",201002685,上海新国际博览中心有限公司,其他商务服务,58290,新国际博览中心
38,"7,058,914,489",62982523,嘉里建设管理(上海)有限公司,房地产开发经营,29251,新国际博览中心
38,"7,566,694,615",60348092,上海新国际博览中心有限公司,其他未列明的服务,66646,新国际博览中心
38,"7,566,692,197",201002683,上海新国际博览中心有限公司,食品、饮料及烟草制品专门零售,53873,新国际博览中心
38,"7,566,693,682",60348092,上海新国际博览中心有限公司,其他未列明的服务,66645,新国际博览中心
38,"7,566,695,147",201002685,上海新国际博览中心有限公司,其他商务服务,58418,新国际博览中心
38,"7,566,692,706",60400020,上海新国际博览中心有限公司,其他餐饮服务,53850,新国际博览中心
38,"8,000,000,046,360,560",1132087424,上海新国际博览中心有限公司,其他商务服务,53238,新国际博览中心
38,"8,000,000,046,361,050",1132087424,上海新国际博览中心有限公司,其他商务服务,53237,新国际博览中心
38,"7,566,694,296",201002685,上海新国际博览中心有限公司,其他商务服务,58288,新国际博览中心
38,"7,566,694,311",201002685,上海新国际博览中心有限公司,其他商务服务,58289,新国际博览中心
38,"7,566,692,086",60348092,上海新国际博览中心有限公司,其他未列明的服务,66644,新国际博览中心
38,"7,566,694,828",60400020,上海新国际博览中心有限公司,其他餐饮服务,53851,新国际博览中心
38,"8,000,000,046,360,860",1132087424,上海新国际博览中心有限公司,其他商务服务,69987,新国际博览中心
38,"7,058,913,974",62982523,嘉里建设管理(上海)有限公司,房地产开发经营,29249,新国际博览中心
38,"7,249,273,603",62982523,嘉里建设管理(上海)有限公司,房地产开发经营,29252,新国际博览中心
38,"7,570,974,156",201002683,上海新国际博览中心有限公司,食品、饮料及烟草制品专门零售,53874,新国际博览中心
52,"8,000,000,046,360,810",201000143,中芯国际集成电路制造(上海)有限公司,电子和电工机械专用设备制造,56973,张江高科技园区
52,"8,000,000,046,393,340",62862286,上海联家超市有限公司张江店,食品、饮料及烟草制品专门零售,68839,张江高科技园区
52,"7,570,993,155",201005489,上海市浦东新区排水管理所,其他水利管理,42819,张江高科技园区
52,"7,570,972,428",61106769,上海中医药大学附属曙光医院,医院,55644,张江高科技园区
52,"7,570,973,517",201005389,上海张江高科技园区开发股份有限公司,其他未列明的制造业,56065,张江高科技园区
52,"8,000,000,046,393,780",201001040,上海市浦东新区看守所,国家权力机构,68595,张江高科技园区
52,"7,570,974,528",201005389,上海张江高科技园区开发股份有限公司,其他未列明的制造业,56066,张江高科技园区
52,"8,000,000,046,365,930",201005383,上海松下微波炉有限公司,家用电力器具制造,67350,张江高科技园区
52,"7,570,973,036",201005410,上海津村制药有限公司,卫生材料及医药用品制造,45804,张江高科技园区
52,"7,570,976,945",61329376,上海华万物业服务有限公司,电子元件制造,55289,张江高科技园区
52,"7,126,839,206",62106259,上海宇体光电有限公司,光学仪器制造,8248,张江高科技园区
52,"8,000,000,046,393,080",61329268,上海欣生源药业有限公司,化学药品制剂制造,66765,张江高科技园区
52,"7,249,269,243",201005410,上海津村制药有限公司,卫生材料及医药用品制造,20823,张江高科技园区
52,"7,570,973,042",201001190,上海浦东橡胶密封件有限公司,其他未列明的制造业,45942,张江高科技园区
52,"8,000,000,046,394,020",62053088,金蝶软件(中国)有限公司,电子计算机制造,66772,张江高科技园区
52,"8,000,000,046,394,760",60569473,上海微电子装备有限公司,电子器件制造,60806,张江高科技园区
52,"7,566,692,622",60945566,戴德梁行房地产咨询(上海)有限公司,其他仓储,58000,张江高科技园区
52,"7,561,877,540",201005387,霍尼韦尔汽车零部件服务(上海)有限公司,其他未列明的服务,53468,张江高科技园区
52,"7,566,692,139",60455969,上海市浦东新区排水管理所,其他金属制品制造,57992,张江高科技园区
52,"7,570,973,963",61696487,上海凌阳科技有限公司,电子器件制造,45463,张江高科技园区
52,"7,249,268,759",63344237,上海药谷商务管理有限公司,医学研究与试验发展,17595,张江高科技园区
52,"7,058,884,373",60819150,日月光半导体(上海)有限公司,其他专业技术服务,5622,张江高科技园区
52,"7,566,691,850",61033103,上海美烨生物科技有限公司,电子器件制造,45383,张江高科技园区
52,"7,370,864,844",1302570417,上海长泰商业经营管理有限公司,房地产开发经营,52000,张江高科技园区
52,"8,000,000,046,360,120",201000143,中芯国际集成电路制造(上海)有限公司,电子和电工机械专用设备制造,56972,张江高科技园区
52,"8,000,000,046,393,690",61687437,四川鼎晟资产管理有限责任公司上海小晟物业管理分公司,其他商务服务,64782,张江高科技园区
52,"8,000,000,046,407,550",201005336,上海市浦东新区排水管理所,其他水利管理,70214,张江高科技园区
52,"7,570,973,239",61601806,上海京新生物医药有限公司,生物、生化制品的制造,50236,张江高科技园区
52,"7,570,975,511",201001131,上海张江生物医药基地开发有限公司,其他商务服务,47689,张江高科技园区
52,"7,570,976,398",61329376,上海华万物业服务有限公司,电子元件制造,55288,张江高科技园区
52,"7,144,505,105",62106259,上海宇体光电有限公司,光学仪器制造,8249,张江高科技园区
52,"8,000,000,046,395,050",1120178482,上海张江集成电路产业区开发有限公司,房地产开发经营,66867,张江高科技园区
52,"7,566,693,692",61874483,上海克仑生物工程有限公司,工程和技术研究与试验发展,37906,张江高科技园区
52,"8,000,000,046,394,020",1120178525,上海张江集成电路产业区开发有限公司,房地产开发经营,66869,张江高科技园区
52,"7,246,803,703",201005518,上海市浦东新区排水管理所,防洪管理,20840,张江高科技园区
52,"7,566,694,919",201001136,上海润尔实业有限公司,其他未列明的制造业,46572,张江高科技园区
52,"7,566,693,168",61949297,上海东湖物业管理有限公司,其他电气机械及器材制造,58109,张江高科技园区
52,"7,566,693,446",61786151,中海物业管理有限公司上海分公司,电子计算机制造,57733,张江高科技园区
52,"7,570,945,615",201001023,上海川鹏塑料有限公司,其他塑料制品制造,66374,张江高科技园区
52,"7,566,691,638",62052706,荣研生物科技(中国)有限公司,卫生材料及医药用品制造,69935,张江高科技园区
52,"7,566,692,017",62629224,上海浦东软件园股份有限公司,房地产开发经营,69940,张江高科技园区
52,"7,566,692,680",201005522,上海市民办中芯学校,中等教育,36728,张江高科技园区
52,"7,253,077,512",60454796,上海张江集成电路产业区开发有限公司,其他商务服务,37794,张江高科技园区
52,"8,000,000,046,406,830",201005509,上海市浦东新区排水管理所,其他水利管理,68907,张江高科技园区
52,"7,570,951,323",201001083,上海伟隆电子线材有限公司,涂料、油墨、颜料及类似产品制造,57893,张江高科技园区
52,"8,000,000,046,363,320",201005362,上海张江高科技园区开发股份有限公司,其他金属制品制造,69971,张江高科技园区
52,"8,000,000,046,360,080",1302570417,上海长泰商业经营管理有限公司,房地产开发经营,53270,张江高科技园区
52,"7,249,268,712",62800113,上海张江(集团)有限公司,其他商务服务,16789,张江高科技园区
52,"7,249,268,944",1277621543,上海张江集成电路产业区开发有限公司,市政公共设施管理,12571649,张江高科技园区
52,"7,570,973,295",61995147,上海浦东金三角房地产实业有限公司,房地产开发经营,47817,张江高科技园区
52,"8,100,000,048,476,510",201005395,中国船舶重工集团公司第七一一研究所,工程和技术研究与试验发展,76552,张江高科技园区
52,"8,000,000,046,331,630",1255991381,上海浦东侨园我家长者酒店公寓管理有限公司,房地产开发经营,15682594,张江高科技园区
52,"8,000,000,046,408,070",201002751,上海申新针织服装公司,纺织服装制造,68879,张江高科技园区
52,"7,570,972,790",61308819,上华投资咨询(上海)有限公司,其他商务服务,50607,张江高科技园区
52,"7,570,993,181",201005489,上海市浦东新区排水管理所,其他水利管理,42820,张江高科技园区
52,"7,570,971,450",201005409,上海嘉利矿山电子有限公司,其他商务服务,51013,张江高科技园区
52,"7,249,268,854",61057118,上海高性能集成电路设计中心,计算机系统服务,15329,张江高科技园区
52,"7,570,972,266",60333705,东电电子(上海)有限公司,电子器件制造,50864,张江高科技园区
52,"7,566,694,098",201001026,上海申裕导线有限公司,电子和电工机械专用设备制造,47638,张江高科技园区
52,"7,570,976,378",201005428,上海聚益信息技术有限公司,电子和电工机械专用设备制造,47797,张江高科技园区
52,"7,570,975,345",201005397,上海微创医疗器械(集团)有限公司,卫生材料及医药用品制造,46617,张江高科技园区
52,"8,100,000,048,476,680",63265799,上海张江国信安地产有限公司,房地产开发经营,75158,张江高科技园区
52,"8,000,000,046,360,370",1193875286,上海张江集成电路产业区开发有限公司,房地产开发经营,54665,张江高科技园区
52,"7,249,267,622",201005426,理想能源设备(上海)有限公司,其他电子设备制造,20826,张江高科技园区
52,"7,566,694,281",60569473,上海微电子装备有限公司,电子器件制造,60805,张江高科技园区
52,"7,570,974,274",1165087569,上海润尔实业有限公司,房地产开发经营,45951,张江高科技园区
52,"8,000,000,046,393,810",62846333,凌华科技(中国)有限公司,电子元件制造,66781,张江高科技园区
52,"7,570,971,570",61414655,上海张江生物医药基地开发有限公司,其他商务服务,61335,张江高科技园区
52,"7,566,692,382",62801944,上海浦东软件园股份有限公司,房地产开发经营,58124,张江高科技园区
52,"8,000,000,046,231,720",62188932,上海东臻投资管理有限公司,其他商务服务,57736,张江高科技园区
52,"7,566,691,090",62536130,上海东捷建设(集团)有限公司,其中：电厂生产全部耗用电量,57737,张江高科技园区
52,"8,100,000,048,431,790",201005452,上海卓多姿中信化妆品有限公司,日用化学产品制造,73007,张江高科技园区
52,"7,570,950,498",201001079,上海鑫凌物业管理有限公司,其他金属制品制造,57753,张江高科技园区
52,"8,000,000,046,407,210",201001086,上海钱万隆调味品有限公司,调味品、发酵制品制造,69949,张江高科技园区
52,"8,100,000,048,477,170",63354665,上海张江集成电路产业区开发有限公司,其他电子设备制造,76807,张江高科技园区
52,"7,253,077,058",60454796,上海张江集成电路产业区开发有限公司,其他商务服务,37793,张江高科技园区
52,"8,000,000,046,407,560",201005509,上海市浦东新区排水管理所,其他水利管理,68906,张江高科技园区
52,"7,249,273,679",1306376224,上海微创医疗器械(集团)有限公司,医药及医疗器材批发,53273,张江高科技园区
52,"8,100,000,048,477,560",1271670275,上海抗体药物国家工程研究中心有限公司,生物、生化制品的制造,76608,张江高科技园区
52,"8,100,000,048,476,270",1271670275,上海抗体药物国家工程研究中心有限公司,生物、生化制品的制造,76609,张江高科技园区
52,"8,000,000,046,361,230",201000015,普莱克斯(上海)半导体气体有限公司,其他未列明的制造业,52259,张江高科技园区
52,"8,000,000,046,360,670",61578748,霍尼韦尔(中国)有限公司,其他商务服务,52156,张江高科技园区
52,"8,100,000,048,476,670",201005395,中国船舶重工集团公司第七一一研究所,工程和技术研究与试验发展,76551,张江高科技园区
52,"8,100,000,048,477,940",1223425667,天主教上海教区,宗教组织,76574,张江高科技园区
52,"7,566,690,831",61190024,上海张江高科技园区开发股份有限公司,其他商务服务,13284322,张江高科技园区
52,"7,566,693,648",62053088,金蝶软件(中国)有限公司,电子计算机制造,42984,张江高科技园区
52,"7,570,973,721",201005418,上海纪元微科电子有限公司,电子和电工机械专用设备制造,56073,张江高科技园区
52,"7,570,976,004",201005397,上海微创医疗器械(集团)有限公司,卫生材料及医药用品制造,46618,张江高科技园区
52,"7,570,952,535",201005420,上海紫宣贸易有限公司,其他未列明的制造业,57914,张江高科技园区
52,"8,100,000,048,476,920",62864433,上海张江高科技园区开发股份有限公司,自然科学研究与试验发展,13262320,张江高科技园区
52,"7,570,973,871",61414655,上海张江生物医药基地开发有限公司,其他商务服务,61336,张江高科技园区
52,"7,566,692,799",61753875,优胜美地酒店经营管理(上海)有限公司,咨询与调查,58105,张江高科技园区
52,"7,566,690,094",62188932,上海东臻投资管理有限公司,其他商务服务,57735,张江高科技园区
52,"7,566,692,856",63395972,上海奇都科技发展有限公司,工程和技术研究与试验发展,58025,张江高科技园区
52,"8,000,000,046,360,080",63165745,上海集成电路研发中心有限公司,工程和技术研究与试验发展,69944,张江高科技园区
52,"8,000,000,046,362,170",201005362,上海张江高科技园区开发股份有限公司,其他金属制品制造,69970,张江高科技园区
52,"8,000,000,046,394,250",201005520,中芯国际集成电路制造(上海)有限公司,中等教育,68908,张江高科技园区
52,"8,100,000,048,477,130",1168382511,上海世和万家物业管理有限公司,房地产开发经营,76830,张江高科技园区
52,"7,570,972,740",61033103,上海美烨生物科技有限公司,电子器件制造,45384,张江高科技园区
52,"7,249,267,680",1315670054,上海贝越实业有限公司,房地产开发经营,28953,张江高科技园区
52,"7,249,268,504",1315670054,上海贝越实业有限公司,房地产开发经营,28954,张江高科技园区
52,"8,100,000,048,477,040",1273485293,上海船舶研究设计院,船舶及浮动装置制造,76611,张江高科技园区
52,"7,249,268,956",62468912,上海中兴软件有限责任公司,电子计算机制造,16453,张江高科技园区
52,"8,100,000,048,484,650",63165745,上海集成电路研发中心有限公司,工程和技术研究与试验发展,77140,张江高科技园区
52,"8,100,000,048,477,460",60501462,上海东湖物业管理有限公司,其他计算机服务,13272406,张江高科技园区
52,"7,570,972,578",60547956,上海同田生化技术有限公司,电子元件制造,43961,张江高科技园区
52,"7,570,986,242",201005419,上海张江文化控股有限公司,电子器件制造,8542521,张江高科技园区
52,"7,570,992,534",201001120,上海张江生物医药基地开发有限公司,医药及医疗器材专门零售,12335176,张江高科技园区
52,"7,570,976,076",61468046,上海现代药物制剂工程研究中心有限公司,化学药品原药制造,55965,张江高科技园区
52,"7,570,974,045",1104088084,上海众材工程检测有限公司,咨询与调查,55405,张江高科技园区
52,"8,000,000,046,393,270",60945744,上海德宏实业有限公司,其他未列明的制造业,68559,张江高科技园区
52,"7,570,976,799",62272064,上海新张江物业管理有限公司,其他商务服务,55973,张江高科技园区
52,"7,249,268,500",61057118,上海高性能集成电路设计中心,计算机系统服务,15328,张江高科技园区
52,"7,570,975,942",63162807,上海航中实业有限公司,专用化学产品制造,55979,张江高科技园区
52,"7,570,975,902",201005412,应达工业(上海)有限公司,其他未列明的服务,56070,张江高科技园区
52,"7,570,973,851",201005440,上海浦东软件园股份有限公司,电子元件制造,50780,张江高科技园区
52,"8,000,000,046,394,350",1120178482,上海张江集成电路产业区开发有限公司,房地产开发经营,66868,张江高科技园区
52,"7,001,019,275",201000013,上海上药新亚药业有限公司,卫生材料及医药用品制造,266,张江高科技园区
52,"7,570,922,303",201005445,上海宝信软件股份有限公司,电子元件制造,46899,张江高科技园区
52,"7,570,955,030",201005376,上海华强浮罗仪表有限公司,卫生材料及医药用品制造,57913,张江高科技园区
52,"7,247,452,201",1316550353,上海张江(集团)有限公司,房地产开发经营,37513,张江高科技园区
52,"7,249,273,939",60337148,上海浦东贝越农贸市场经营管理有限公司,综合零售,33681,张江高科技园区
52,"7,566,688,484",63395972,上海奇都科技发展有限公司,工程和技术研究与试验发展,58024,张江高科技园区
52,"7,566,689,409",201001022,上海华成无线电厂有限公司,其他未列明的制造业,45891,张江高科技园区
52,"7,566,693,218",201005364,上海张江高科技园区开发股份有限公司,其他电子设备制造,69972,张江高科技园区
52,"7,570,975,966",201005366,上海张江高科技园区开发股份有限公司,其他金属制品制造,69975,张江高科技园区
52,"7,249,264,092",62862286,上海联家超市有限公司张江店,食品、饮料及烟草制品专门零售,16890,张江高科技园区
52,"7,249,274,790",61776144,上海张江高科技园区开发股份有限公司,物业管理,13292834,张江高科技园区
52,"7,570,971,462",61303552,上海市检测中心,工程和技术研究与试验发展,47900,张江高科技园区
52,"8,100,000,048,477,170",60501462,上海东湖物业管理有限公司,其他计算机服务,13272407,张江高科技园区
52,"7,570,974,214",60547956,上海同田生化技术有限公司,电子元件制造,43962,张江高科技园区
52,"8,000,000,046,361,170",61308787,上海张江集成电路产业区开发有限公司,其他商务服务,52153,张江高科技园区
52,"7,570,973,455",60521866,上海华虹(集团)有限公司,电子器件制造,47812,张江高科技园区
52,"8,100,000,048,477,560",1104962007,上海张江高科技园区股份有限公司,房地产开发经营,76558,张江高科技园区
52,"7,249,270,618",61724428,上海创智空间创业孵化器管理有限公司,互联网信息服务,27505,张江高科技园区
52,"7,570,975,032",1104088084,上海众材工程检测有限公司,咨询与调查,55406,张江高科技园区
52,"7,570,974,055",60558430,上海绿谷制药有限公司,化学药品原药制造,47722,张江高科技园区
52,"8,000,000,046,392,850",1112203307,银基发展(上海)投资控股有限公司,房地产开发经营,68666,张江高科技园区
52,"7,570,956,139",201005422,上海博达数据通信有限公司,通信设备制造,56076,张江高科技园区
52,"7,570,972,770",201005402,上海市张江高科技园区新能源技术有限公司,其中：电厂生产全部耗用电量,51291,张江高科技园区
52,"7,570,976,122",201005402,上海市张江高科技园区新能源技术有限公司,其中：电厂生产全部耗用电量,51292,张江高科技园区
52,"7,570,974,974",61793260,三生国健药业(上海)股份有限公司,生物、生化制品的制造,50238,张江高科技园区
52,"7,570,974,494",201005428,上海聚益信息技术有限公司,电子和电工机械专用设备制造,47796,张江高科技园区
52,"7,570,976,491",201005391,上海葛兰素史克生物制品有限公司,其他未列明的制造业,46616,张江高科技园区
52,"7,253,077,625",1165562394,上海百迈博制药有限公司,化学药品原药制造,22260,张江高科技园区
52,"8,000,000,046,394,600",60361079,上海畅星置业有限公司,其他电子设备制造,67265,张江高科技园区
52,"7,249,267,738",201005426,理想能源设备(上海)有限公司,其他电子设备制造,20827,张江高科技园区
52,"7,570,971,622",201005514,上海市浦东新区排水管理所,其他水利管理,46441,张江高科技园区
52,"7,249,274,824",62864433,上海张江高科技园区开发股份有限公司,自然科学研究与试验发展,13262319,张江高科技园区
52,"7,566,691,013",201005350,上海张江高科技园区开发股份有限公司,其他金属制品制造,57809,张江高科技园区
52,"7,566,690,064",201005490,上海兆量广告有限公司,食品、饮料及烟草制品专门零售,13230370,张江高科技园区
52,"8,000,000,046,394,430",201001071,张江实业总公司,其他批发,66790,张江高科技园区
52,"7,246,769,454",1302838113,上海张江集成电路产业区开发有限公司(社区中心),综合零售,37633,张江高科技园区
52,"7,566,693,234",63369433,上海恒健体育文化传播有限公司,房地产开发经营,58022,张江高科技园区
52,"7,570,952,586",201001053,上海浦东新区张江电机有限公司,其他电气机械及器材制造,57752,张江高科技园区
52,"7,566,693,772",201005415,华师大二附中,中等教育,45467,张江高科技园区
52,"8,100,000,048,475,940",63354665,上海张江集成电路产业区开发有限公司,其他电子设备制造,76806,张江高科技园区
52,"8,000,000,046,393,590",1303256620,上海中京电子标签集成技术有限公司,电子器件制造,73031,张江高科技园区
52,"7,570,973,723",201005364,上海张江高科技园区开发股份有限公司,其他电子设备制造,69973,张江高科技园区
52,"8,100,000,048,476,650",1168382511,上海世和万家物业管理有限公司,房地产开发经营,76829,张江高科技园区
52,"7,566,692,165",1172413504,上海张江集成电路产业区开发有限公司,其他电子设备制造,12423108,张江高科技园区
52,"7,566,691,626",1107286830,上海德宏实业有限公司,一般旅馆,13257544,张江高科技园区
52,"7,566,690,090",1318907832,美艾利尔(上海)诊断产品有限公司,化学药品制剂制造,13272402,张江高科技园区
52,"7,566,691,470",60945744,上海德宏实业有限公司,其他未列明的制造业,36682,张江高科技园区
52,"8,100,000,048,477,660",1104962007,上海张江高科技园区股份有限公司,房地产开发经营,76557,张江高科技园区
52,"8,000,000,043,346,670",201005458,上海罗氏制药有限公司,化学药品原药制造,48774,张江高科技园区
52,"7,570,992,544",63314230,上海懿嘉房地产有限公司,房地产开发经营,12335171,张江高科技园区
52,"7,570,973,739",61308819,上华投资咨询(上海)有限公司,其他商务服务,50608,张江高科技园区
52,"8,000,000,046,407,630",201005381,上海松下微波炉有限公司,其他电气机械及器材制造,68654,张江高科技园区
52,"7,249,273,425",201001027,上海杰隆生物工程股份有限公司,卫生材料及医药用品制造,51670,张江高科技园区
52,"8,000,000,046,361,230",201005451,上海华虹宏力半导体制造有限公司,电子和电工机械专用设备制造,68657,张江高科技园区
52,"8,100,000,048,476,360",1144713186,上海张江集成电路产业区开发有限公司,其他电子设备制造,76562,张江高科技园区
52,"7,570,975,152",60558430,上海绿谷制药有限公司,化学药品原药制造,47723,张江高科技园区
52,"7,249,268,256",201001054,上海正章宾馆用品服务有限公司浦东分公司,其他未列明的制造业,19965,张江高科技园区
52,"7,566,690,017",61190024,上海张江高科技园区开发股份有限公司,其他商务服务,13284321,张江高科技园区
52,"8,100,000,048,477,460",61938220,道康宁(中国)投资有限公司,专用化学产品制造,76493,张江高科技园区
52,"8,100,000,048,477,210",61938220,道康宁(中国)投资有限公司,专用化学产品制造,76494,张江高科技园区
52,"7,570,953,200",201005421,上海张江文化控股有限公司,其他商务服务,56075,张江高科技园区
52,"7,570,973,827",60714179,上海健坤制药有限公司,生物、生化制品的制造,47681,张江高科技园区
52,"7,566,689,593",201005462,上海勃林格殷格翰药业有限公司,卫生材料及医药用品制造,58825,张江高科技园区
52,"7,566,689,015",60701615,杜邦(中国)研发管理有限公司,工程和技术研究与试验发展,58741,张江高科技园区
52,"8,000,000,046,392,770",62846333,凌华科技(中国)有限公司,电子元件制造,66782,张江高科技园区
52,"7,255,276,909",201005332,上海张江(集团)有限公司,其他商务服务,38110,张江高科技园区
52,"7,249,266,104",1302838113,上海张江集成电路产业区开发有限公司(社区中心),综合零售,37632,张江高科技园区
52,"8,000,000,046,394,640",201005388,普立万聚合体(上海)有限公司,专用化学产品制造,73434,张江高科技园区
52,"8,100,000,048,477,600",201005346,上海张江高科技园区开发股份有限公司,其他电气机械及器材制造,77217,张江高科技园区
52,"7,370,864,866",1302570417,上海长泰商业经营管理有限公司,房地产开发经营,52001,张江高科技园区
52,"7,570,973,651",1193875286,上海张江集成电路产业区开发有限公司,房地产开发经营,48738,张江高科技园区
52,"7,246,873,334",1126822981,上海鼎汇房地产开发有限公司,城镇居民,29388,张江高科技园区
52,"8,100,000,048,477,820",201005522,上海市民办中芯学校,中等教育,77495,张江高科技园区
52,"7,570,974,520",61995147,上海浦东金三角房地产实业有限公司,房地产开发经营,47818,张江高科技园区
52,"7,570,974,522",61106769,上海中医药大学附属曙光医院,医院,55645,张江高科技园区
52,"7,249,268,474",1292205278,上海东捷建设(集团)有限公司,其他房地产活动,27641,张江高科技园区
52,"7,566,691,935",60337148,上海浦东贝越农贸市场经营管理有限公司,综合零售,42501,张江高科技园区
52,"8,100,000,048,432,820",1343953594,上海市检测中心,建筑安装业,16555216,张江高科技园区
52,"7,570,977,001",201005412,应达工业(上海)有限公司,其他未列明的服务,56071,张江高科技园区
52,"7,570,950,160",201005419,上海张江文化控股有限公司,电子器件制造,56074,张江高科技园区
52,"7,570,975,928",201005423,宝付网络科技(上海)有限公司,其他水利管理,56077,张江高科技园区
52,"8,000,000,046,367,330",201005383,上海松下微波炉有限公司,家用电力器具制造,67349,张江高科技园区
52,"7,566,694,090",201005462,上海勃林格殷格翰药业有限公司,卫生材料及医药用品制造,58826,张江高科技园区
52,"8,000,000,046,393,960",201005372,赛金生物医药有限公司,生物、生化制品的制造,66865,张江高科技园区
52,"7,566,694,497",201001136,上海润尔实业有限公司,其他未列明的制造业,46571,张江高科技园区
52,"7,566,694,929",62312212,上海蓝光科技有限公司,电子元件制造,38444,张江高科技园区
52,"7,566,692,646",201005452,上海卓多姿中信化妆品有限公司,日用化学产品制造,57812,张江高科技园区
52,"7,566,465,518",201001111,上海外国语大学附属浦东外国语学校,高等教育,41250,张江高科技园区
52,"7,566,693,336",62536130,上海东捷建设(集团)有限公司,其中：电厂生产全部耗用电量,57738,张江高科技园区
52,"7,253,077,084",1303346156,日月光封装测试(上海)有限公司,电子元件制造,33130,张江高科技园区
52,"7,566,694,647",201001022,上海华成无线电厂有限公司,其他未列明的制造业,45892,张江高科技园区
52,"8,000,000,046,394,730",1303256620,上海中京电子标签集成技术有限公司,电子器件制造,73032,张江高科技园区
52,"7,570,975,010",201005366,上海张江高科技园区开发股份有限公司,其他金属制品制造,69974,张江高科技园区
52,"8,100,000,048,431,830",1341995622,上海张江集成电路产业区开发有限公司,房地产开发经营,73050,张江高科技园区
52,"8,100,000,048,477,640",1247640279,上海浦东预拌混凝土有限公司,五金、家具及室内装修材料专门零售,76831,张江高科技园区
52,"8,100,000,048,478,180",1255991381,上海浦东侨园我家长者酒店公寓管理有限公司,房地产开发经营,76832,张江高科技园区
52,"8,100,000,048,431,800",1341995622,上海张江集成电路产业区开发有限公司,房地产开发经营,73051,张江高科技园区
52,"8,000,000,046,360,030",201000013,上海上药新亚药业有限公司,卫生材料及医药用品制造,56968,张江高科技园区
52,"7,570,974,238",60787866,上海张江高科技园区开发股份有限公司,卫生材料及医药用品制造,45283,张江高科技园区
52,"7,570,975,274",201005406,诺信(中国)有限公司,其他未列明的服务,56632,张江高科技园区
52,"8,000,000,046,394,670",61639971,日月光半导体(上海)有限公司,电子器件制造,68952,张江高科技园区
52,"7,570,972,506",60593507,银联商务有限公司,日用化学产品制造,44121,张江高科技园区
52,"7,566,692,121",62885052,上海市人民政府办公信息处理中心,其他计算机服务,13256704,张江高科技园区
52,"8,000,000,046,360,870",61578748,霍尼韦尔(中国)有限公司,其他商务服务,52155,张江高科技园区
52,"8,000,000,043,346,650",201005458,上海罗氏制药有限公司,化学药品原药制造,48773,张江高科技园区
52,"8,000,000,046,407,460",201005381,上海松下微波炉有限公司,其他电气机械及器材制造,68655,张江高科技园区
52,"7,570,974,606",62888615,阿斯利康投资(中国)有限公司,生物、生化制品的制造,56463,张江高科技园区
52,"8,000,000,046,408,010",201005464,协和发酵麒麟(中国)制药有限公司,卫生材料及医药用品制造,68659,张江高科技园区
52,"8,100,000,048,477,620",1144713186,上海张江集成电路产业区开发有限公司,其他电子设备制造,76561,张江高科技园区
52,"7,570,975,906",201001024,上海市长征农工商总公司浦东分公司,其他电气机械及器材制造,56064,张江高科技园区
52,"7,570,947,068",201005418,上海纪元微科电子有限公司,电子和电工机械专用设备制造,56072,张江高科技园区
52,"7,570,973,137",201005430,翊天(上海)投资管理有限公司,其他未列明的制造业,50451,张江高科技园区
52,"8,000,000,046,407,200",201005336,上海市浦东新区排水管理所,其他水利管理,70215,张江高科技园区
52,"7,570,975,663",61601806,上海京新生物医药有限公司,生物、生化制品的制造,50237,张江高科技园区
52,"7,570,976,974",61793260,三生国健药业(上海)股份有限公司,生物、生化制品的制造,50239,张江高科技园区
52,"7,177,505,036",201001056,上海张江综合服务有限公司,综合零售,27244,张江高科技园区
52,"7,570,974,384",60714179,上海健坤制药有限公司,生物、生化制品的制造,47682,张江高科技园区
52,"8,100,000,048,432,030",201001130,上海众通汽车配件有限公司,交通器材及其他交通运输设备制造,74203,张江高科技园区
52,"7,570,951,420",201005493,上海菱华仓储服务有限公司,其他仓储,57916,张江高科技园区
52,"7,566,692,970",1161407455,上海张江高科技园区开发股份有限公司,房地产开发经营,57923,张江高科技园区
52,"8,000,000,046,393,650",201001071,张江实业总公司,其他批发,66789,张江高科技园区
52,"7,566,692,972",201005350,上海张江高科技园区开发股份有限公司,其他金属制品制造,57810,张江高科技园区
52,"7,566,694,785",62312212,上海蓝光科技有限公司,电子元件制造,38443,张江高科技园区
52,"7,566,691,306",61949297,上海东湖物业管理有限公司,其他电气机械及器材制造,58108,张江高科技园区
52,"7,566,465,777",201001111,上海外国语大学附属浦东外国语学校,高等教育,41251,张江高科技园区
52,"7,566,693,206",61786151,中海物业管理有限公司上海分公司,电子计算机制造,57732,张江高科技园区
52,"7,566,690,552",62052706,荣研生物科技(中国)有限公司,卫生材料及医药用品制造,69934,张江高科技园区
52,"7,566,689,275",63369433,上海恒健体育文化传播有限公司,房地产开发经营,58021,张江高科技园区
52,"7,570,952,038",201001052,上海浦东众天汽车销售服务有限公司,电子和电工机械专用设备制造,57751,张江高科技园区
52,"7,566,693,438",201001027,上海杰隆生物工程股份有限公司,卫生材料及医药用品制造,69947,张江高科技园区
52,"7,570,974,502",60701615,杜邦(中国)研发管理有限公司,工程和技术研究与试验发展,49546,张江高科技园区
52,"8,100,000,048,477,320",201005346,上海张江高科技园区开发股份有限公司,其他电气机械及器材制造,77218,张江高科技园区
52,"7,249,272,588",1316550353,上海张江(集团)有限公司,房地产开发经营,43918,张江高科技园区
52,"7,566,692,520",60945566,戴德梁行房地产咨询(上海)有限公司,其他仓储,36516,张江高科技园区
52,"8,000,000,046,394,850",201005385,通用电气药业(上海)有限公司,其他电气机械及器材制造,64520,张江高科技园区
52,"7,001,222,714",62800113,上海张江(集团)有限公司,其他商务服务,16788,张江高科技园区
52,"8,100,000,048,431,790",61302160,上海琦尔正投资有限公司,工程和技术研究与试验发展,72584,张江高科技园区
52,"7,249,270,484",60489498,上海张江文化控股有限公司,其他国家机构,31341,张江高科技园区
52,"8,000,000,046,405,810",201005464,协和发酵麒麟(中国)制药有限公司,卫生材料及医药用品制造,68658,张江高科技园区
52,"7,570,974,836",62272064,上海新张江物业管理有限公司,其他商务服务,55972,张江高科技园区
52,"7,570,974,866",61132194,盛联精密气体(上海)有限公司,化工、木材、非金属加工专用设备制造,50878,张江高科技园区
52,"7,570,951,562",201001091,上海怡之元酒店管理有限公司,正餐服务,71599,张江高科技园区
52,"7,566,689,703",62091723,展讯通信(上海)有限公司,其他商务服务,13231447,张江高科技园区
52,"7,570,947,449",201005424,上海东昕生物技术有限公司,生物、生化制品的制造,56078,张江高科技园区
52,"7,570,951,022",201005424,上海东昕生物技术有限公司,生物、生化制品的制造,56079,张江高科技园区
52,"7,570,977,005",201005440,上海浦东软件园股份有限公司,电子元件制造,50781,张江高科技园区
52,"7,570,971,718",201005460,奇华顿日用香精香料(上海)有限公司,其他未列明的制造业,42999,张江高科技园区
52,"7,570,975,729",201001131,上海张江生物医药基地开发有限公司,其他商务服务,47690,张江高科技园区
52,"7,566,694,899",201005359,上海中兴软件有限责任公司,工程和技术研究与试验发展,42466,张江高科技园区
52,"7,253,075,810",61303215,上海芸绮物业管理有限公司,其他商务服务,13598578,张江高科技园区
52,"8,100,000,048,477,630",63265799,上海张江国信安地产有限公司,房地产开发经营,75159,张江高科技园区
52,"8,000,000,046,393,460",201005361,上海张江高科技园区开发股份有限公司,综合零售,66863,张江高科技园区
52,"8,000,000,046,395,060",201005372,赛金生物医药有限公司,生物、生化制品的制造,66864,张江高科技园区
52,"7,570,972,836",201005514,上海市浦东新区排水管理所,其他水利管理,46442,张江高科技园区
52,"8,000,000,046,360,830",1193875286,上海张江集成电路产业区开发有限公司,房地产开发经营,67386,张江高科技园区
52,"7,566,692,674",201005494,华域汽车系统股份有限公司,交通器材及其他交通运输设备制造,57917,张江高科技园区
52,"7,566,688,448",62801944,上海浦东软件园股份有限公司,房地产开发经营,58123,张江高科技园区
52,"7,566,693,494",62827930,上海迪赛诺生物医药有限公司,生物、生化制品的制造,57741,张江高科技园区
52,"7,566,689,109",201005415,华师大二附中,中等教育,45466,张江高科技园区
52,"7,566,690,274",62626642,上海市浦东新区特种设备监督检验所,其他未列明的服务,57880,张江高科技园区
52,"7,000,370,760",60819150,日月光半导体(上海)有限公司,其他专业技术服务,5621,张江高科技园区
52,"8,000,000,046,360,520",201000143,中芯国际集成电路制造(上海)有限公司,电子和电工机械专用设备制造,56971,张江高科技园区
52,"8,000,000,046,394,870",61687437,四川鼎晟资产管理有限责任公司上海小晟物业管理分公司,其他商务服务,64781,张江高科技园区
52,"7,566,689,711",1107286830,上海德宏实业有限公司,一般旅馆,13257545,张江高科技园区
52,"8,100,000,048,477,900",201005422,上海博达数据通信有限公司,通信设备制造,76553,张江高科技园区
52,"7,570,976,020",60325232,启德半导体设备安装(上海)有限公司,电子器件制造,50407,张江高科技园区
52,"7,566,693,906",201005353,上海张江高科技园区开发股份有限公司,其他金属制品制造,39945,张江高科技园区
52,"7,570,973,113",60333705,东电电子(上海)有限公司,电子器件制造,50865,张江高科技园区
52,"8,000,000,046,393,480",201001040,上海市浦东新区看守所,国家权力机构,68596,张江高科技园区
52,"7,570,976,901",201005403,上海奥威科技开发有限公司,其他未列明的制造业,56067,张江高科技园区
52,"7,566,694,777",201005353,上海张江高科技园区开发股份有限公司,其他金属制品制造,39987,张江高科技园区
52,"7,570,976,859",61952527,上海东湖物业管理有限公司,电机制造,51090,张江高科技园区
52,"8,100,000,048,431,850",201001130,上海众通汽车配件有限公司,交通器材及其他交通运输设备制造,74202,张江高科技园区
52,"8,000,000,046,394,790",60361079,上海畅星置业有限公司,其他电子设备制造,67264,张江高科技园区
52,"8,000,000,046,392,850",61329268,上海欣生源药业有限公司,化学药品制剂制造,66764,张江高科技园区
52,"7,566,693,496",201005335,上海汤臣房地产开发有限公司,房地产开发经营,57808,张江高科技园区
52,"7,570,974,250",61753875,优胜美地酒店经营管理(上海)有限公司,咨询与调查,45840,张江高科技园区
52,"7,253,077,144",1325045745,上海张江高科技园区开发股份有限公司,房地产开发经营,13275590,张江高科技园区
52,"7,566,694,270",62468912,上海中兴软件有限责任公司,电子计算机制造,57879,张江高科技园区
52,"7,566,693,812",60455969,上海市浦东新区排水管理所,其他金属制品制造,57993,张江高科技园区
52,"8,000,000,046,360,100",1302570417,上海长泰商业经营管理有限公司,房地产开发经营,53271,张江高科技园区
52,"7,126,693,729",201001086,上海钱万隆调味品有限公司,调味品、发酵制品制造,25169,张江高科技园区
52,"7,566,689,107",60787866,上海张江高科技园区开发股份有限公司,卫生材料及医药用品制造,45282,张江高科技园区
52,"7,570,974,524",201005406,诺信(中国)有限公司,其他未列明的服务,56631,张江高科技园区
52,"7,570,992,626",201001124,上海张江生物医药基地开发有限公司,房地产开发经营,12330569,张江高科技园区
52,"7,566,689,631",201005385,通用电气药业(上海)有限公司,其他电气机械及器材制造,56646,张江高科技园区
52,"7,570,973,273",61303552,上海市检测中心,工程和技术研究与试验发展,47901,张江高科技园区
52,"7,566,690,938",60593507,银联商务有限公司,日用化学产品制造,44120,张江高科技园区
52,"7,566,692,934",62885052,上海市人民政府办公信息处理中心,其他计算机服务,13256703,张江高科技园区
52,"8,000,000,046,360,620",201000015,普莱克斯(上海)半导体气体有限公司,其他未列明的制造业,52260,张江高科技园区
52,"8,000,000,046,360,550",61308787,上海张江集成电路产业区开发有限公司,其他商务服务,52154,张江高科技园区
52,"7,570,973,595",61937037,上海长利绝缘材料有限公司,其他电气机械及器材制造,51652,张江高科技园区
52,"7,570,974,124",60521866,上海华虹(集团)有限公司,电子器件制造,47813,张江高科技园区
52,"7,249,269,157",1292205278,上海东捷建设(集团)有限公司,其他房地产活动,27642,张江高科技园区
52,"7,570,975,659",61952527,上海东湖物业管理有限公司,电机制造,51089,张江高科技园区
52,"7,249,273,545",1300135049,国家新药筛选中心,其他卫生活动,45602,张江高科技园区
52,"7,253,077,597",61776144,上海张江高科技园区开发股份有限公司,物业管理,13262318,张江高科技园区
52,"7,246,798,370",201005518,上海市浦东新区排水管理所,防洪管理,20839,张江高科技园区
52,"7,566,688,404",201005490,上海兆量广告有限公司,食品、饮料及烟草制品专门零售,13230369,张江高科技园区
52,"7,566,693,780",201005359,上海中兴软件有限责任公司,工程和技术研究与试验发展,38463,张江高科技园区
52,"8,100,000,048,431,830",1342447889,上海张江生物医药基地开发有限公司,医药及医疗器材专门零售,73452,张江高科技园区
52,"7,566,694,004",62802794,上海张江高科技园区开发股份有限公司,电子元件制造,69943,张江高科技园区
52,"7,570,972,284",61696487,上海凌阳科技有限公司,电子器件制造,45462,张江高科技园区
52,"7,249,272,814",1306376224,上海微创医疗器械(集团)有限公司,医药及医疗器材批发,53272,张江高科技园区
53,"7,570,974,699",1142780339,豪威科技(上海)有限公司,其他商务服务,51299,张江高科技园区核心区南部科研产业区
53,"7,570,992,686",62878331,上海张江(集团)有限公司,建筑安装业,12421213,张江高科技园区核心区南部科研产业区
53,"7,058,914,009",1228002917,中国科学院上海高等研究院,工程和技术研究与试验发展,29416,张江高科技园区核心区南部科研产业区
53,"7,566,693,216",1333656461,上海挚信信息技术有限公司,房地产开发经营,63805,张江高科技园区核心区南部科研产业区
53,"7,253,075,270",1289104713,上海盛廊置业有限公司,建筑装饰业,27381,张江高科技园区核心区南部科研产业区
53,"7,249,272,864",1319295532,北京市均豪物业管理股份有限公司上海分公司,房地产开发经营,45502,张江高科技园区核心区南部科研产业区
53,"7,570,975,681",1340276647,上海送变电工程公司,铁路旅客运输,14933686,张江高科技园区核心区南部科研产业区
53,"7,570,975,563",1335271716,上海张江(集团)有限公司,房地产开发经营,48346,张江高科技园区核心区南部科研产业区
53,"7,249,272,947",1319295532,北京市均豪物业管理股份有限公司上海分公司,房地产开发经营,45503,张江高科技园区核心区南部科研产业区
53,"8,000,000,046,360,600",1228002917,中国科学院上海高等研究院,工程和技术研究与试验发展,53255,张江高科技园区核心区南部科研产业区
53,"7,570,974,824",1287754701,上海德馨置业发展有限公司,房地产开发经营,12422813,张江高科技园区核心区南部科研产业区
53,"8,000,000,046,394,280",1342916732,上海张江(集团)有限公司,房地产开发经营,16045678,张江高科技园区核心区南部科研产业区
53,"8,000,000,046,361,040",1291345245,诺华(中国)生物医学研究有限公司,医学研究与试验发展,16241008,张江高科技园区核心区南部科研产业区
53,"7,570,992,830",63245854,上海张江(集团)有限公司,其他未列明的建筑活动,12290656,张江高科技园区核心区南部科研产业区
53,"8,100,000,048,477,140",1163687376,上海智廊置业有限公司,房地产开发经营,76827,张江高科技园区核心区南部科研产业区
53,"7,249,268,360",1269587413,上海市浦东新区排水管理所,其他未列明的建筑活动,23020,张江高科技园区核心区南部科研产业区
53,"7,566,691,296",1338482315,上海张江万科房地产开发有限公司,房地产开发经营,13693962,张江高科技园区核心区南部科研产业区
53,"8,000,000,046,360,960",1228002917,中国科学院上海高等研究院,工程和技术研究与试验发展,53256,张江高科技园区核心区南部科研产业区
53,"7,570,976,450",1335271716,上海张江(集团)有限公司,房地产开发经营,48347,张江高科技园区核心区南部科研产业区
53,"8,000,000,046,394,320",1340437974,上海张江万科房地产开发有限公司,建筑安装业,15902488,张江高科技园区核心区南部科研产业区
53,"7,253,077,043",1289104713,上海盛廊置业有限公司,建筑装饰业,27382,张江高科技园区核心区南部科研产业区
53,"8,100,000,048,432,030",1343123874,上海德馨置业发展有限公司,房地产开发经营,74224,张江高科技园区核心区南部科研产业区
53,"7,249,713,482",1312694169,中国科学院上海生命科学研究院,自然科学研究与试验发展,13272404,张江高科技园区核心区南部科研产业区
53,"7,570,977,009",1142780339,豪威科技(上海)有限公司,其他商务服务,51300,张江高科技园区核心区南部科研产业区
53,"8,000,000,046,393,580",1103883718,上海市浦东新区排水管理所,水资源管理,67596,张江高科技园区核心区南部科研产业区
53,"8,000,000,046,393,270",1341011973,上海市张江高科技园区新能源技术有限公司,房地产开发经营,14934347,张江高科技园区核心区南部科研产业区
53,"8,000,000,046,394,420",1330505571,上海张江(集团)有限公司,房地产开发经营,69846,张江高科技园区核心区南部科研产业区
53,"7,566,692,610",1330505571,上海张江(集团)有限公司,房地产开发经营,48230,张江高科技园区核心区南部科研产业区
53,"8,100,000,048,432,070",1343123874,上海德馨置业发展有限公司,房地产开发经营,74225,张江高科技园区核心区南部科研产业区
53,"8,000,000,046,394,960",1328956084,上海市张江高科技园区新能源技术有限公司,房地产开发经营,12422814,张江高科技园区核心区南部科研产业区
53,"8,100,000,048,484,750",1320965420,惠生工程(中国)有限公司,房地产开发经营,13275583,张江高科技园区核心区南部科研产业区
53,"7,566,693,604",1333656461,上海挚信信息技术有限公司,房地产开发经营,63806,张江高科技园区核心区南部科研产业区
53,"7,253,077,699",1320965420,惠生工程(中国)有限公司,房地产开发经营,14945456,张江高科技园区核心区南部科研产业区
53,"7,249,268,278",1269587413,上海市浦东新区排水管理所,其他未列明的建筑活动,23019,张江高科技园区核心区南部科研产业区
53,"7,566,688,410",1156330241,北京市均豪物业管理股份有限公司上海分公司,其他未列明的金融活动,58059,张江高科技园区核心区南部科研产业区
53,"7,570,977,013",1341079058,上海送变电工程公司,工程准备,16299123,张江高科技园区核心区南部科研产业区
53,"8,000,000,043,346,650",1228002917,中国科学院上海高等研究院,工程和技术研究与试验发展,39456,张江高科技园区核心区南部科研产业区
53,"8,000,000,046,394,050",1103883718,上海市浦东新区排水管理所,水资源管理,67597,张江高科技园区核心区南部科研产业区
53,"7,566,693,008",1156330241,北京市均豪物业管理股份有限公司上海分公司,其他未列明的金融活动,58060,张江高科技园区核心区南部科研产业区
54,"7,570,976,523",1332408579,上海上实物业管理有限公司,房地产开发经营,51518,张江高科技园区南拓开发区
54,"7,247,452,143",1256789350,中国商用飞机有限责任公司上海飞机设计研究院,工程和技术研究与试验发展,64153,张江高科技园区南拓开发区
54,"7,246,798,420",201002562,上海浦东公路养护建设有限公司,环境治理,20308,张江高科技园区南拓开发区
54,"7,566,692,739",201002564,松下能源(上海)有限公司,电子和电工机械专用设备制造,46683,张江高科技园区南拓开发区
54,"7,370,864,944",1250270263,上海轨道交通十六号线发展有限公司,轨道交通,44246,张江高科技园区南拓开发区
54,"7,566,692,737",201002564,松下能源(上海)有限公司,电子和电工机械专用设备制造,46582,张江高科技园区南拓开发区
54,"7,247,452,238",1256789350,中国商用飞机有限责任公司上海飞机设计研究院,工程和技术研究与试验发展,64154,张江高科技园区南拓开发区
54,"8,000,000,046,393,090",1341947900,盛腾信息技术(上海)有限公司,建筑安装业,14933503,张江高科技园区南拓开发区
54,"7,249,273,415",1250270263,上海轨道交通十六号线发展有限公司,轨道交通,44245,张江高科技园区南拓开发区
54,"8,100,000,048,477,740",201002565,上海赛腾汽车零部件有限公司,汽车、摩托车、燃料及零配件专门零售,75180,张江高科技园区南拓开发区
54,"7,570,976,909",1332408579,上海上实物业管理有限公司,房地产开发经营,51519,张江高科技园区南拓开发区
54,"7,370,865,028",1250270263,上海轨道交通十六号线发展有限公司,轨道交通,44247,张江高科技园区南拓开发区
54,"7,249,270,490",1297935046,上海孙桥现代农业联合发展有限公司,农畜产品批发,23554,张江高科技园区南拓开发区
54,"7,247,451,989",1256789350,中国商用飞机有限责任公司上海飞机设计研究院,工程和技术研究与试验发展,64152,张江高科技园区南拓开发区
54,"7,570,975,230",1331024491,中华人民共和国上海出入境检验检疫局,房地产开发经营,13260567,张江高科技园区南拓开发区
54,"7,249,267,618",201000952,孙桥现代农业联合发展有限公司,农业,19946,张江高科技园区南拓开发区
54,"8,100,000,048,431,750",1342881933,上海送变电工程公司,工程准备,16313203,张江高科技园区南拓开发区
54,"7,249,272,941",1250270263,上海轨道交通十六号线发展有限公司,轨道交通,44244,张江高科技园区南拓开发区
54,"8,000,000,046,406,430",201002561,上海申益橡塑有限公司,针织品、编织品及其制品制造,68873,张江高科技园区南拓开发区
54,"7,247,451,973",1256789350,中国商用飞机有限责任公司上海飞机设计研究院,工程和技术研究与试验发展,64151,张江高科技园区南拓开发区
54,"8,100,000,048,476,910",1283334413,中国商用飞机有限责任公司上海飞机设计研究院,航空航天器制造,12531209,张江高科技园区南拓开发区
55,"8,000,000,046,407,530",201000975,上海恒大孙桥金属表面处理厂,其他金属制品制造,68744,张江Z
55,"7,184,274,931",62749855,上海市浦东新区排水管理所,水资源管理,16713,张江Z
55,"8,000,000,046,394,620",1341078970,上海三湘建筑装饰工程有限公司,房地产开发经营,14933508,张江Z
55,"8,100,000,048,477,200",62673657,上海记家酒店管理有限公司,一般旅馆,76961,张江Z
55,"7,189,797,510",210026657,上海市浦东新区孙桥卫生院,卫生院及社区医疗活动,40328,张江Z
55,"8,100,000,048,477,200",201000972,上海东海洗涤设备制造有限公司,金属加工机械制造,76810,张江Z
55,"8,000,000,046,331,720",62749855,上海市浦东新区排水管理所,水资源管理,76962,张江Z
55,"7,001,012,804",201000971,上海申畅物业管理有限公司,其他商务服务,30034,张江Z
55,"7,566,694,138",1334760048,上海张江房地产有限公司,房地产开发经营,12569957,张江Z
55,"8,000,000,046,393,630",201000934,上海牡丹香精香料有限公司,其他未列明的制造业,64412,张江Z
55,"8,000,000,046,393,520",1340479479,上海铧发创盛置业有限公司,房地产开发经营,14984660,张江Z
55,"8,100,000,048,484,510",1170568055,上海张江房地产有限公司,房地产开发经营,16002484,张江Z
56,"7,249,274,542",203501748,上海美特斯邦威服饰股份有限公司,纺织服装制造,35496,康桥张江南拓开发区
56,"7,249,267,904",203501764,爱得利(上海)妇幼用品有限公司,其他未列明的制造业,21083,康桥张江南拓开发区
56,"8,000,000,046,364,730",203501302,上海吉翔汽车车顶饰件有限责任公司,汽车制造,65681,康桥张江南拓开发区
56,"8,000,000,046,366,470",203501327,利乐食品机械(上海)有限公司,其他未列明的服务,65036,康桥张江南拓开发区
56,"7,560,236,582",203501398,上海乔治费歇尔管路系统有限公司,其他未列明的服务,35492,康桥张江南拓开发区
56,"8,000,000,046,365,330",203501221,上海华宏模具有限公司,其他未列明的制造业,65033,康桥张江南拓开发区
56,"8,000,000,046,367,060",203501258,上海神汇汽车转向器有限公司,电子和电工机械专用设备制造,65034,康桥张江南拓开发区
56,"7,566,691,056",1339845599,上海康桥实业发展(集团)有限公司,其他未列明的建筑活动,13682708,康桥张江南拓开发区
56,"7,560,235,397",203501398,上海乔治费歇尔管路系统有限公司,其他未列明的服务,35491,康桥张江南拓开发区
56,"7,570,973,791",203500599,上海浦东新区康桥镇集体资产管理有限公司,电子和电工机械专用设备制造,62365,康桥张江南拓开发区
56,"7,249,269,167",1292447577,上海均瑶(集团)有限公司,其他未列明的建筑活动,12457343,康桥张江南拓开发区
56,"8,000,000,046,367,300",203501327,利乐食品机械(上海)有限公司,其他未列明的服务,65035,康桥张江南拓开发区
56,"7,560,237,642",203501616,上海鸿鼎投资管理有限公司,电子和电工机械专用设备制造,35171,康桥张江南拓开发区
56,"7,249,712,956",60791674,上海泛美佳丽纺织有限公司,纺织制成品制造,36839,康桥张江南拓开发区
56,"7,561,870,461",203501704,上海绿太阳建筑五金有限公司,不锈钢及类似日用金属制品制造,36654,康桥张江南拓开发区
56,"7,253,077,707",61887599,上海木兰特化妆品有限公司,日用化学产品制造,25324,康桥张江南拓开发区
56,"7,249,713,599",203501545,上海百润投资控股集团股份有限公司,日用化学产品制造,51864,康桥张江南拓开发区
56,"8,000,000,046,395,160",203501045,上海浦东新区康桥镇集体资产管理有限公司,其他批发,65094,康桥张江南拓开发区
56,"7,561,876,186",62419382,上海极东橡塑有限公司,其他橡胶制品制造,38549,康桥张江南拓开发区
56,"8,100,000,048,487,190",203501122,上海浦东新区康桥镇集体资产管理有限公司,其他塑料制品制造,77608,康桥张江南拓开发区
56,"8,000,000,046,394,290",203500766,上海善能机械有限公司,通用零部件制造及机械修理,65676,康桥张江南拓开发区
56,"7,560,240,810",203501561,上海星荣精机有限公司,其他未列明的制造业,36171,康桥张江南拓开发区
56,"7,249,274,692",203501748,上海美特斯邦威服饰股份有限公司,纺织服装制造,47207,康桥张江南拓开发区
56,"8,000,000,046,366,050",203501302,上海吉翔汽车车顶饰件有限责任公司,汽车制造,65680,康桥张江南拓开发区
56,"7,560,237,748",60268601,上海甬力包装材料有限公司,其他未列明的制造业,36362,康桥张江南拓开发区
56,"7,566,691,050",61067307,上海美特斯邦威服饰股份有限公司,纺织服装制造,62912,康桥张江南拓开发区
56,"7,570,975,765",61067307,上海美特斯邦威服饰股份有限公司,纺织服装制造,62913,康桥张江南拓开发区
56,"7,560,237,337",203501484,上海天正机电集团有限公司,电子和电工机械专用设备制造,36168,康桥张江南拓开发区
56,"7,566,691,168",1335682709,上海吉翔汽车车顶饰件有限责任公司,汽车、摩托车、燃料及零配件专门零售,46752,康桥张江南拓开发区
56,"8,100,000,048,476,630",203200229,上海吉祥航空股份有限公司,土木工程建筑,12457207,康桥张江南拓开发区
56,"7,561,867,126",203501437,上海汇丽塔格板材有限公司,其他未列明的服务,36914,康桥张江南拓开发区
56,"8,000,000,046,367,640",203501545,上海百润投资控股集团股份有限公司,日用化学产品制造,65040,康桥张江南拓开发区
62,"8,000,000,046,392,920",1151357382,上海市浦东新区康桥镇人民政府(社区卫生中心),卫生院及社区医疗活动,65048,康桥开发区
62,"7,249,274,610",1184650265,上海汇洋机械制造有限公司,电子和电工机械专用设备制造,37298,康桥开发区
62,"8,000,000,046,414,410",62412842,上海市南汇区康桥水利排灌管理站,防洪管理,77056,康桥开发区
62,"7,560,237,672",61732849,豪孚迪医疗器械(上海)有限公司,卫生材料及医药用品制造,36022,康桥开发区
62,"7,570,975,581",1318957710,上海泰汉能源科技发展有限公司,咨询与调查,56237,康桥开发区
62,"7,249,274,688",1329579097,昌硕科技(上海)有限公司,房地产开发经营,43488,康桥开发区
62,"8,100,000,048,477,990",1176242775,上海盛高酒店发展有限公司,一般旅馆,76392,康桥开发区
62,"8,000,000,046,407,120",61429466,延锋百利得(上海)汽车安全系统有限公司,汽车制造,71045,康桥开发区
62,"7,199,942,572",1341080528,上海汽车资产经营有限公司,房地产开发经营,27110,康桥开发区
62,"7,561,870,923",203501066,南汇县自来水公司康桥泵站,其他水利管理,39004,康桥开发区
62,"8,000,000,046,360,490",61093225,上海中隆纸业有限公司,纸制品制造,54894,康桥开发区
62,"8,000,000,046,393,830",203501480,上海汇宝房地产发展有限公司,食品、饮料及烟草制品专门零售,65912,康桥开发区
62,"8,100,000,048,476,700",1281395263,上海万华科聚化工科技发展有限公司,其他批发,12474082,康桥开发区
62,"7,570,975,018",1226250268,上海浦发工程建设管理有限公司,建筑安装业,12472624,康桥开发区
62,"7,566,691,462",62915334,上海隽胜实业有限公司,其他橡胶制品制造,47096,康桥开发区
62,"7,566,468,377",203500432,上海市浦东新区周浦医院,医院,72323,康桥开发区
62,"7,560,236,586",60751105,上海浦江物业有限公司,物业管理,36566,康桥开发区
62,"8,000,000,046,394,660",63303439,上海ABB工程有限公司,其他未列明的金融活动,65091,康桥开发区
62,"8,100,000,048,477,870",203501154,上海浦东新区康桥镇集体资产管理有限公司,石墨及其他非金属矿物制品制造,77079,康桥开发区
62,"7,249,713,276",1118602038,大连万象美物业管理有限公司上海分公司,房地产开发经营,35767,康桥开发区
62,"8,100,000,048,477,010",1100241658,上海聚顺集贸市场经营管理有限公司,食品、饮料及烟草制品批发,77087,康桥开发区
62,"7,003,657,484",203501167,上海远东制药机械总厂化工设备厂,其他金属制品制造,411,康桥开发区
62,"7,249,273,929",1329579097,昌硕科技(上海)有限公司,房地产开发经营,43487,康桥开发区
62,"8,100,000,048,475,850",1236548289,昌硕科技(上海)有限公司,房地产开发经营,76399,康桥开发区
62,"8,000,000,046,407,770",62515016,昌硕科技(上海)有限公司,纺织服装制造,71064,康桥开发区
62,"8,100,000,048,477,290",1184405272,上海富润房地产发展有限公司,房地产开发经营,75461,康桥开发区
62,"7,566,690,905",62948120,帕克环保技术(上海)有限公司,环保、社会公共安全及其他专用设备制造,62005,康桥开发区
62,"7,246,794,014",203500104,交通运输部东海航海保障中心上海通信中心,其他国家机构,34456,康桥开发区
62,"7,570,975,599",1335884903,上海荣怡商业经营管理有限公司,房地产开发经营,59008,康桥开发区
62,"7,246,797,752",203500104,交通运输部东海航海保障中心上海通信中心,其他国家机构,34457,康桥开发区
62,"7,566,691,178",63298911,上海ABB工程有限公司,其他未列明的金融活动,54340,康桥开发区
62,"7,192,044,826",1315815075,上海纳信电器有限公司,其他电气机械及器材制造,45743,康桥开发区
62,"7,561,883,257",62214651,上海安达医院,医院,36700,康桥开发区
62,"8,000,000,046,393,540",1338778959,上海中企物业管理有限公司,其他仓储,65113,康桥开发区
62,"8,000,000,046,393,420",1339225980,上海良信电器股份有限公司,其他仓储,69768,康桥开发区
62,"8,000,000,046,367,150",203501658,夏特装饰材料(上海)有限公司,纸制品制造,65042,康桥开发区
62,"8,000,000,046,365,040",203501742,上海天福包装装璜有限公司,其他未列明的制造业,65044,康桥开发区
62,"7,566,693,135",1333923947,上海中企物业管理有限公司,房地产开发经营,48955,康桥开发区
62,"7,566,694,503",63298908,上海ABB工程有限公司,其他未列明的金融活动,40177,康桥开发区
62,"8,100,000,048,485,970",62916124,凯斯帕液压(上海)有限公司,其他电气机械及器材制造,77064,康桥开发区
62,"7,570,975,938",1318957710,上海泰汉能源科技发展有限公司,咨询与调查,56238,康桥开发区
62,"7,570,985,944",61611465,上海浦东康桥(集团)有限公司,房地产开发经营,13621713,康桥开发区
62,"8,100,000,048,477,500",61898576,上海延锋江森座椅机械部件有限公司,通用零部件制造及机械修理,76354,康桥开发区
62,"7,566,693,884",1333919696,上海中企物业管理有限公司,房地产开发经营,48238,康桥开发区
62,"7,566,693,900",1333919696,上海中企物业管理有限公司,房地产开发经营,48239,康桥开发区
62,"7,566,692,652",1334159945,上海中邦物业管理有限公司,房地产开发经营,42655,康桥开发区
62,"8,100,000,048,432,010",203501516,上海三枪集团针织九厂,针织品、编织品及其制品制造,75007,康桥开发区
62,"7,570,976,663",1335884903,上海荣怡商业经营管理有限公司,房地产开发经营,58928,康桥开发区
62,"8,100,000,048,433,170",1114233546,通标标准技术服务(上海)有限公司,其他未列明的金融活动,75584,康桥开发区
62,"8,000,000,046,360,430",60273572,中钞油墨有限公司,涂料、油墨、颜料及类似产品制造,54873,康桥开发区
62,"8,000,000,045,982,990",1115272375,上海通海秀沿大酒店有限公司,房地产开发经营,58609,康桥开发区
62,"8,000,000,046,360,620",61093225,上海中隆纸业有限公司,纸制品制造,54895,康桥开发区
62,"7,561,863,566",203501537,上海浦东一汽解放专用车有限公司,电子和电工机械专用设备制造,39593,康桥开发区
62,"7,566,692,850",203501679,上海长宁国际学校绿宝园校区,其他文化艺术,62075,康桥开发区
62,"7,246,795,933",203501684,上海博物馆,其他文化艺术,21065,康桥开发区
62,"7,566,692,676",1184586016,上海佶和软管有限公司,其他未列明的金融活动,36924,康桥开发区
62,"7,566,694,126",61082369,上海爱彼此家居用品股份有限公司,羽毛(绒)加工及制品制造,57870,康桥开发区
62,"8,000,000,046,394,980",1338779330,上海中企物业管理有限公司,其他仓储,69524,康桥开发区
62,"8,000,000,046,414,420",60788799,上海瀑波食品有限公司,房地产开发经营,77037,康桥开发区
62,"7,560,238,706",62932963,上海中南环保科技有限公司,交通器材及其他交通运输设备制造,36029,康桥开发区
62,"7,249,261,791",1328295723,上海南汇汇集建设投资有限公司,房地产开发经营,12471040,康桥开发区
62,"7,570,984,690",62421875,上海翔名实业投资有限公司(临电),其他电子设备制造,12379210,康桥开发区
62,"8,000,000,046,363,090",61252156,上海南汇排水运行管理有限公司,其他水利管理,72287,康桥开发区
62,"7,249,274,456",63157516,上海亦浦贸易有限公司,五金、家具及室内装修材料专门零售,36034,康桥开发区
62,"7,566,467,284",203500432,上海市浦东新区周浦医院,医院,75558,康桥开发区
62,"7,570,976,354",60833641,上海华峰制笔有限公司,文化用品制造,62344,康桥开发区
62,"7,566,690,858",63159314,上海纳铁福传动系统扭矩科技有限公司,交通器材及其他交通运输设备制造,39582,康桥开发区
62,"7,566,693,348",61437481,上海佩尼医疗科技发展有限公司,医疗仪器设备及器械制造,58407,康桥开发区
62,"7,249,273,957",1331021564,蒂森克虏伯普利斯坦汽车零部件(上海)有限公司,汽车制造,39493,康桥开发区
62,"8,100,000,048,431,980",1340297365,上海康桥先进制造技术创业园有限公司,其他商务服务,74005,康桥开发区
62,"8,000,000,046,331,180",1174197376,上海星跃物业管理有限公司,物业管理,12381064,康桥开发区
62,"7,249,713,732",1325715189,上海绿溪贸易发展有限公司,综合零售,53559,康桥开发区
62,"7,199,953,791",1328301480,上海南汇汇集建设投资有限公司,建筑安装业,16380364,康桥开发区
62,"8,000,000,046,392,750",1338772049,上海中企物业管理有限公司,房地产开发经营,65111,康桥开发区
62,"8,000,000,046,394,230",1338779343,上海中企物业管理有限公司,其他仓储,64961,康桥开发区
62,"8,000,000,046,367,210",60267728,约斯特(上海)汽车零部件有限公司,汽车制造,65022,康桥开发区
62,"7,184,248,533",1222403479,上海周康房地产有限公司,房地产开发经营,40588,康桥开发区
62,"7,560,238,886",203501800,上海松港文化创意发展有限公司,其他橡胶制品制造,37270,康桥开发区
62,"8,000,000,046,362,300",61473355,上海韵园置业有限公司会所,房地产开发经营,65071,康桥开发区
62,"7,561,869,223",61877722,上海中医药大学,高等教育,36694,康桥开发区
62,"7,560,237,742",61981855,上海国美电器有限公司,家用电器及电子产品专门零售,36024,康桥开发区
62,"7,560,237,083",203501513,上海申花康桥足球发展有限公司(甲),其他体育,36169,康桥开发区
62,"7,561,874,467",203501680,上海中侨职业技术学院,高等教育,39952,康桥开发区
62,"8,000,000,046,415,050",60337680,上海尚德实验学校,中等教育,75306,康桥开发区
62,"7,570,988,113",1151357382,上海市浦东新区康桥镇人民政府(社区卫生中心),卫生院及社区医疗活动,15883061,康桥开发区
62,"7,246,798,392",61019548,昆山润华商业有限公司上海南汇分公司,综合零售,34303,康桥开发区
62,"7,253,075,243",1161668913,上海明波电缆料有限公司,塑料零件制造,22230,康桥开发区
62,"7,570,976,689",60268768,上海康吉包装纸业有限公司,纸制品制造,62342,康桥开发区
62,"7,566,690,005",1339050269,上海市浦东新区康桥镇人民政府,国家权力机构,14173622,康桥开发区
62,"7,566,690,864",62751549,上海宇虹电子有限公司,泵、阀门、压缩机及类似机械的制造,61683,康桥开发区
62,"8,100,000,048,432,000",1342483315,上海轨道交通十八号线发展有限公司,工程准备,16364425,康桥开发区
62,"7,253,073,141",1100241658,上海聚顺集贸市场经营管理有限公司,食品、饮料及烟草制品批发,21494,康桥开发区
62,"8,000,000,046,394,740",1338772036,上海中企物业管理有限公司,房地产开发经营,65109,康桥开发区
62,"7,561,869,944",62890533,马思特(上海)化学有限公司(新厂),合成材料制造,36712,康桥开发区
62,"7,255,286,871",203501597,上海千缘汽车车身模具有限公司,电子和电工机械专用设备制造,38292,康桥开发区
62,"8,000,000,046,395,180",1339225980,上海良信电器股份有限公司,其他仓储,69769,康桥开发区
62,"8,100,000,048,478,140",60348702,上海二和机械有限公司,其他金属制品制造,77031,康桥开发区
62,"8,000,000,046,392,920",63298909,上海ABB工程有限公司,其他未列明的金融活动,65089,康桥开发区
62,"7,561,866,056",61969545,上海纳通汽车零部件有限公司,其他电气机械及器材制造,36699,康桥开发区
62,"7,192,043,643",1240062520,上海莱嘉实业有限公司,汽车、摩托车、燃料及零配件专门零售,22749,康桥开发区
62,"7,566,690,504",61898576,上海延锋江森座椅机械部件有限公司,通用零部件制造及机械修理,58904,康桥开发区
62,"7,007,694,611",1184405272,上海富润房地产发展有限公司,房地产开发经营,22444,康桥开发区
62,"7,247,451,669",203501516,上海三枪集团针织九厂,针织品、编织品及其制品制造,75006,康桥开发区
62,"7,246,794,206",61019548,昆山润华商业有限公司上海南汇分公司,综合零售,34302,康桥开发区
62,"8,000,000,046,360,430",60273399,上海天玮玻纤有限公司,电子和电工机械专用设备制造,54871,康桥开发区
62,"8,000,000,046,359,960",60273572,中钞油墨有限公司,涂料、油墨、颜料及类似产品制造,54872,康桥开发区
62,"7,561,870,127",203501066,南汇县自来水公司康桥泵站,其他水利管理,39003,康桥开发区
62,"7,570,975,757",60897422,上海蝶翠诗商业有限公司,日用化学产品制造,62345,康桥开发区
62,"7,566,689,435",61435214,上海安铸投资管理有限公司,其他未列明的金融活动,58406,康桥开发区
62,"7,192,044,864",1315815075,上海纳信电器有限公司,其他电气机械及器材制造,45744,康桥开发区
62,"7,249,267,549",1295825167,大昂集团(上海)实业有限公司,咨询与调查,37986,康桥开发区
62,"7,249,267,577",1295825167,大昂集团(上海)实业有限公司,咨询与调查,37987,康桥开发区
62,"8,000,000,046,365,010",203501406,上海伟世通汽车电子系统有限公司,通用零部件制造及机械修理,65100,康桥开发区
62,"8,000,000,046,392,800",63298911,上海ABB工程有限公司,其他未列明的金融活动,64826,康桥开发区
62,"8,000,000,046,394,550",1338772049,上海中企物业管理有限公司,房地产开发经营,65110,康桥开发区
62,"7,570,952,905",62736201,金鹰国际货运代理有限公司上海第一分公司,其他仓储,60210,康桥开发区
62,"8,000,000,046,393,610",1338772010,上海中企物业管理有限公司,其他仓储,64959,康桥开发区
62,"8,000,000,046,367,110",203501760,上海耀国能源科技有限公司,电子和电工机械专用设备制造,65692,康桥开发区
62,"8,100,000,048,484,820",1315628877,上海烟草集团有限责任公司,卷烟制造,12448980,康桥开发区
62,"8,000,000,046,364,850",61501047,瓯堡纺织工业(上海)有限公司,纺织制成品制造,65072,康桥开发区
62,"7,560,237,750",203501617,上海公元建材发展有限公司,矿产品、建材及化工产品批发,36348,康桥开发区
62,"7,249,272,648",1307835034,上海富申冷机有限公司,其他电气机械及器材制造,51884,康桥开发区
62,"7,566,693,268",1333816812,上海中企物业管理有限公司,房地产开发经营,42838,康桥开发区
62,"7,249,274,448",1330886861,昌硕科技(上海)有限公司,房地产开发经营,41800,康桥开发区
62,"7,566,689,503",62644882,上海亲和源老年公寓,其他未列明的金融活动,71380,康桥开发区
62,"7,570,917,559",203501745,上海特波电机有限公司,电子和电工机械专用设备制造,46827,康桥开发区
62,"7,566,690,134",1332348743,格林百奥生态材料科技(上海)有限公司,其他未列明的制造业,42650,康桥开发区
62,"7,560,237,241",203501775,马思特(上海)化学有限公司,橡胶板、管、带的制造,35497,康桥开发区
62,"8,100,000,048,477,960",1328595979,上海漕河泾康桥科技绿洲建设发展有限公司,其他未列明的建筑活动,12474127,康桥开发区
62,"7,561,877,947",62399519,上海康桥凯莱酒店有限公司,旅游饭店,38631,康桥开发区
62,"7,184,244,323",1222715260,上海高山流水投资发展有限公司,物业管理,42289,康桥开发区
62,"7,561,865,373",62697727,西德福液压件(上海)有限公司,其他电气机械及器材制造,38552,康桥开发区
62,"7,249,274,848",60267631,上海东驰汽车有限公司,汽车、摩托车、燃料及零配件专门零售,38252,康桥开发区
62,"7,561,866,185",62264804,威尔森船舶设备(上海)有限公司,船舶及浮动装置制造,38257,康桥开发区
62,"7,211,827,162",1313127620,中交上海港湾工程设计研究院有限公司,水上运输业,9686388,康桥开发区
62,"7,561,859,746",60711316,上海松港投资管理有限公司,汽车制造,36837,康桥开发区
62,"8,000,000,046,394,860",1338779330,上海中企物业管理有限公司,其他仓储,69523,康桥开发区
62,"7,560,238,716",203501604,上海佳林鞋业有限公司,橡胶板、管、带的制造,37269,康桥开发区
62,"7,249,272,544",1307840030,上海三电冷机有限公司,其他电气机械及器材制造,51885,康桥开发区
62,"7,249,272,618",63360249,上海康及通物流有限公司,其他仓储,51661,康桥开发区
62,"8,000,000,046,394,040",63298909,上海ABB工程有限公司,其他未列明的金融活动,65090,康桥开发区
62,"7,565,889,494",61419551,上海富润房地产发展有限公司(2#),房地产开发经营,12379209,康桥开发区
62,"7,249,272,720",1115272375,上海通海秀沿大酒店有限公司,房地产开发经营,28568,康桥开发区
62,"7,566,691,895",1333832883,上海中企物业管理有限公司,房地产开发经营,42842,康桥开发区
62,"7,566,692,287",1277867727,上海浦景酒店管理有限公司,房地产开发经营,42509,康桥开发区
62,"7,560,239,136",60808951,哈挺机床(上海)有限公司,金属加工机械制造,34606,康桥开发区
62,"7,560,237,431",203501073,上海童涵春堂制药有限公司,卫生材料及医药用品制造,36067,康桥开发区
62,"7,249,713,658",1328265788,上海烟草集团有限责任公司,卷烟制造,15902104,康桥开发区
62,"7,249,263,010",63360249,上海康及通物流有限公司,其他仓储,12561933,康桥开发区
62,"7,560,237,983",203501688,上海中豪纸品加工有限公司,造纸,35494,康桥开发区
62,"7,570,976,789",1335893132,康迪酒店管理(上海)有限公司,房地产开发经营,55593,康桥开发区
62,"7,560,239,620",60292492,上海东风康斯博格莫尔斯控制系统有限公司,汽车制造,35276,康桥开发区
62,"7,566,692,037",1169812392,延锋安道拓座椅有限公司,其他家具制造,39594,康桥开发区
62,"7,566,689,817",61868260,上海振东汽配市场经营管理有限公司,其他未列明的服务,61988,康桥开发区
62,"8,000,000,046,366,810",61553993,上海搏浪实业有限公司,其他金属制品制造,65027,康桥开发区
62,"8,000,000,046,365,510",203500370,上海超联仪器设备有限公司,通用零部件制造及机械修理,64523,康桥开发区
62,"7,249,274,534",1330505614,上海南汇生态建设发展有限公司,综合零售,49330,康桥开发区
62,"8,000,000,046,365,140",221290008,上海通海餐饮有限公司,食品、饮料及烟草制品专门零售,64530,康桥开发区
62,"7,566,692,574",1333923947,上海中企物业管理有限公司,房地产开发经营,48954,康桥开发区
62,"7,566,691,794",63298908,上海ABB工程有限公司,其他未列明的金融活动,40176,康桥开发区
62,"8,100,000,048,476,060",1215435292,上海兰田实业集团有限公司,矿产品、建材及化工产品批发,75603,康桥开发区
62,"7,253,077,062",1287193531,上海博漾酒店管理有限公司,轴承、齿轮、传动和驱动部件的制造,23219,康桥开发区
62,"8,000,000,046,361,170",61354238,上海神火铝箔有限公司,有色金属合金制造,54903,康桥开发区
62,"8,100,000,048,477,420",221003209,上海汇海船舶设备有限公司,船舶及浮动装置制造,77081,康桥开发区
62,"8,100,000,048,476,150",62277083,上海国龙医院有限公司,房地产开发经营,75515,康桥开发区
62,"7,566,691,730",1333816681,上海中企物业管理有限公司,综合零售,42837,康桥开发区
62,"7,566,693,288",1339298322,上海世茂翊信置业有限公司,房地产开发经营,13681944,康桥开发区
62,"8,000,000,046,414,340",60904467,上海方舟综合市场经营管理有限公司,五金、家具及室内装修材料专门零售,75321,康桥开发区
62,"8,100,000,048,478,040",1176242775,上海盛高酒店发展有限公司,一般旅馆,76393,康桥开发区
62,"8,100,000,048,432,000",1343685220,上海龙远实业投资有限公司,其他未列明的金融活动,74842,康桥开发区
62,"7,253,077,736",1316851081,中国人民解放军73171部队后勤部,提供住宿的社会福利,13799547,康桥开发区
62,"7,566,694,116",1343201505,上海南汇房地产开发经营有限公司,房地产开发经营,16192458,康桥开发区
62,"7,246,795,684",203500392,上海硕明线缆有限公司,电线、电缆、光缆及电工器材制造,20919,康桥开发区
62,"8,000,000,046,364,900",203501617,上海公元建材发展有限公司,矿产品、建材及化工产品批发,66541,康桥开发区
62,"7,249,274,424",1330886861,昌硕科技(上海)有限公司,房地产开发经营,41799,康桥开发区
62,"7,566,691,770",1334159932,上海中邦物业管理有限公司,房地产开发经营,45745,康桥开发区
62,"7,566,688,388",60446026,康桥镇文化中心,其他文化艺术,57947,康桥开发区
62,"8,000,000,046,366,360",62915334,上海隽胜实业有限公司,其他橡胶制品制造,65647,康桥开发区
62,"7,560,238,240",60708588,上海西美工具进出口有限公司,通用零部件制造及机械修理,37127,康桥开发区
62,"8,100,000,048,433,090",1343471289,通标标准技术服务(上海)有限公司,机械设备、五金交电及电子产品批发,76746,康桥开发区
62,"8,000,000,046,366,860",61473355,上海韵园置业有限公司会所,房地产开发经营,65070,康桥开发区
62,"7,249,712,926",1184650265,上海汇洋机械制造有限公司,电子和电工机械专用设备制造,37299,康桥开发区
62,"7,249,273,471",1277867727,上海浦景酒店管理有限公司,房地产开发经营,48776,康桥开发区
62,"8,000,000,046,363,540",61252156,上海南汇排水运行管理有限公司,其他水利管理,72288,康桥开发区
62,"8,000,000,046,360,060",61354238,上海神火铝箔有限公司,有色金属合金制造,54902,康桥开发区
62,"7,249,268,902",1215435292,上海兰田实业集团有限公司,矿产品、建材及化工产品批发,22616,康桥开发区
62,"7,561,872,461",203501680,上海中侨职业技术学院,高等教育,39951,康桥开发区
62,"8,100,000,048,476,460",221615756,上海千弘劳务派遣有限公司,日用化学产品制造,76380,康桥开发区
62,"7,560,238,502",61302989,上海乐来汽车分析测试有限公司,纺织服装制造,34610,康桥开发区
62,"8,000,000,046,407,810",61791357,杰西博工程机械(上海)有限公司,其他电气机械及器材制造,71051,康桥开发区
62,"7,204,632,759",1254932374,上海市浦东新区崂山小学(周浦校区),初等教育,22893,康桥开发区
62,"8,000,000,046,360,780",60273868,上海耀皮康桥汽车玻璃有限公司,其他玻璃制品制造,54876,康桥开发区
62,"7,560,239,372",61028612,超科林微电子设备(上海)有限公司,电子器件制造,35288,康桥开发区
62,"7,566,690,496",221138011,上海浦东通用轴承有限公司,通用零部件制造及机械修理,62019,康桥开发区
62,"7,570,973,699",203500168,上海仁忠金属切割有限公司,其他金属制品制造,62353,康桥开发区
62,"8,000,000,046,361,040",203501439,宏和电子材料科技股份有限公司,电子和电工机械专用设备制造,55063,康桥开发区
62,"7,561,870,839",62399519,上海康桥凯莱酒店有限公司,旅游饭店,38630,康桥开发区
62,"8,000,000,046,360,370",203501572,上海浦东一汽解放专用车有限公司,汽车制造,55064,康桥开发区
62,"7,249,274,626",1331021564,蒂森克虏伯普利斯坦汽车零部件(上海)有限公司,汽车制造,39494,康桥开发区
62,"8,000,000,046,367,030",60738044,上海汇宝房地产发展有限公司(会所),房地产开发经营,65642,康桥开发区
62,"7,249,273,911",63155278,上海星道驰机械设备制造有限公司,交通器材及其他交通运输设备制造,36718,康桥开发区
62,"8,000,000,046,394,700",1338778959,上海中企物业管理有限公司,其他仓储,65112,康桥开发区
62,"8,000,000,046,366,250",60381085,上海蔷斯贸易有限公司,其他未列明的制造业,65023,康桥开发区
62,"7,199,954,164",1222403479,上海周康房地产有限公司,房地产开发经营,40589,康桥开发区
62,"7,253,077,756",1327564334,上海国际医学园区置业有限公司,房地产开发经营,12456674,康桥开发区
62,"8,000,000,043,346,680",60273399,上海天玮玻纤有限公司,电子和电工机械专用设备制造,40384,康桥开发区
62,"7,566,689,909",61395633,上海良和包装材料有限公司,塑料包装箱及容器制造,57265,康桥开发区
62,"8,100,000,048,477,440",63346854,上海市康城学校,中等教育,77071,康桥开发区
62,"7,566,691,812",1333832724,上海中企物业管理有限公司,房地产开发经营,42841,康桥开发区
62,"7,566,693,384",1333833886,上海中企物业管理有限公司,房地产开发经营,42844,康桥开发区
62,"8,100,000,048,477,470",1100144872,上海捷盈实业有限公司,其他金属制品制造,75426,康桥开发区
62,"7,249,268,886",62115217,上海浦东新区康桥镇社区生活服务中心,其他未列明的服务,16197,康桥开发区
62,"7,566,463,239",203500015,上海家兴建材装饰市场经营管理有限公司,其他未列明的服务,75554,康桥开发区
62,"8,000,000,046,407,760",61429466,延锋百利得(上海)汽车安全系统有限公司,汽车制造,71044,康桥开发区
62,"8,000,000,046,408,000",203501795,永乐(中国)电器销售有限公司,家用电器及电子产品专门零售,71168,康桥开发区
62,"8,100,000,048,432,100",1343685220,上海龙远实业投资有限公司,其他未列明的金融活动,74843,康桥开发区
62,"7,249,712,997",203501688,上海中豪纸品加工有限公司,造纸,35493,康桥开发区
62,"7,560,237,303",203501720,上海米特轴承有限公司,其他未列明的制造业,35495,康桥开发区
62,"7,570,974,118",1335893132,康迪酒店管理(上海)有限公司,房地产开发经营,55592,康桥开发区
62,"7,249,267,666",203501406,上海伟世通汽车电子系统有限公司,通用零部件制造及机械修理,63088,康桥开发区
62,"7,561,865,461",60817453,上海康桥半岛(集团)有限公司(英国学校),其他教育,38527,康桥开发区
62,"7,566,693,062",203501403,上海邵万生食品公司,其他食品制造,45309,康桥开发区
62,"7,246,797,746",203501269,上海幸运包装有限公司,塑料包装箱及容器制造,20996,康桥开发区
62,"7,561,861,737",62421607,吉埃斐工业炉(上海)有限公司,其他电气机械及器材制造,36701,康桥开发区
62,"8,000,000,046,366,120",203501460,上海山鑫塑胶有限公司,其他塑料制品制造,65687,康桥开发区
62,"7,566,467,925",62093727,上海康叶菜市场经营管理有限公司,其他批发,72300,康桥开发区
62,"8,000,000,046,393,700",1338772010,上海中企物业管理有限公司,其他仓储,64960,康桥开发区
62,"8,000,000,046,394,800",1169689509,上海端翔机电有限公司,其他金属制品制造,65697,康桥开发区
62,"8,000,000,046,367,550",203501658,夏特装饰材料(上海)有限公司,纸制品制造,65041,康桥开发区
62,"7,566,469,125",203501703,上海雄英实业有限公司,其他批发,72336,康桥开发区
62,"8,000,000,046,393,190",1103850439,上海通汇汽车维修零部件配送有限公司,其他未列明的金融活动,65046,康桥开发区
62,"8,100,000,048,478,070",1274115298,沙伯基础(中国)研发有限公司,其他塑料制品制造,12449180,康桥开发区
62,"8,000,000,046,367,600",221648986,上海南汇康桥有色金属合金有限公司,其他金属制品制造,64562,康桥开发区
62,"7,560,239,932",60751105,上海浦江物业有限公司,物业管理,36567,康桥开发区
62,"8,000,000,046,393,280",62644882,上海亲和源老年公寓,其他未列明的金融活动,65082,康桥开发区
62,"7,249,713,122",1118602038,大连万象美物业管理有限公司上海分公司,房地产开发经营,35766,康桥开发区
62,"7,255,285,757",60291316,世腾汽车皮件(上海)有限公司,皮革制品制造,14558,康桥开发区
62,"7,194,360,058",1290325066,上海浦东康桥(集团)有限公司,社会团体,41891,康桥开发区
62,"7,253,075,212",1326843890,沙伯基础(中国)研发有限公司,综合零售,41796,康桥开发区
62,"7,566,689,587",60446026,康桥镇文化中心,其他文化艺术,57948,康桥开发区
62,"7,566,689,139",61016005,上海耐普电器塑料有限公司,其他电气机械及器材制造,57949,康桥开发区
63,"7,253,077,488",201001003,上海朋众混凝土制品有限公司,其他未列明的制造业,19953,张江微电子拓展基地
63,"8,000,000,046,407,930",201001004,上海金门安全设备有限公司,电子和电工机械专用设备制造,68749,张江微电子拓展基地
63,"8,000,000,046,362,150",62644204,上海市浦东新区排水管理所,其他水利管理,67505,张江微电子拓展基地
63,"8,000,000,046,392,770",201001009,上海东鼎钢结构有限公司,其他未列明的制造业,64832,张江微电子拓展基地
63,"8,000,000,046,408,170",201001001,上海牡丹洗涤设备有限公司,其他未列明的制造业,68748,张江微电子拓展基地
63,"8,000,000,046,394,320",201001009,上海东鼎钢结构有限公司,其他未列明的制造业,64831,张江微电子拓展基地
63,"8,000,000,046,406,990",201000998,上海浦升混凝土有限公司,其他未列明的服务,68747,张江微电子拓展基地
63,"8,000,000,046,407,470",201001005,上海新紫茂石业发展有限公司,其他未列明的服务,68750,张江微电子拓展基地
68,"7,566,694,028",1330862984,上海国际旅游度假区运营管理有限公司,房地产开发经营,47288,迪斯尼核心区
68,"7,566,694,112",1336826223,上海国际主题乐园配套设施有限公司,其他餐饮服务,60816,迪斯尼核心区
68,"8,000,000,046,394,990",1340296708,上海国际旅游度假区运营管理有限公司,其他水利管理,71247,迪斯尼核心区
68,"7,566,694,198",1330863336,上海国际主题乐园有限公司,房地产开发经营,54449,迪斯尼核心区
68,"7,566,693,406",1330862984,上海国际旅游度假区运营管理有限公司,房地产开发经营,47287,迪斯尼核心区
68,"8,000,000,046,394,850",1339923640,唯泰精品购物村(上海)有限公司,综合零售,67623,迪斯尼核心区
68,"7,566,694,072",1330863336,上海国际主题乐园有限公司,房地产开发经营,54448,迪斯尼核心区
68,"8,000,000,046,393,890",1340296450,上海申迪建设有限公司,其他商务服务,66888,迪斯尼核心区
68,"8,000,000,046,360,300",1326200857,上海国际主题乐园有限公司,旅游饭店,73441,迪斯尼核心区
68,"7,570,992,618",1216503590,上海申迪项目管理有限公司,市政公共设施管理,12270331,迪斯尼核心区
68,"8,000,000,046,393,160",1340890333,上海申迪建设有限公司,房地产开发经营,71792,迪斯尼核心区
68,"7,566,694,108",1330865417,上海国际主题乐园有限公司,水资源管理,47292,迪斯尼核心区
68,"8,000,000,046,394,990",1338219762,上海国际主题乐园配套设施有限公司,其他水利管理,73110,迪斯尼核心区
68,"7,247,452,203",1314220030,上海申迪项目管理有限公司,土木工程建筑,12536163,迪斯尼核心区
68,"8,000,000,046,394,060",1335608044,上海国际主题乐园配套设施有限公司,食品、饮料及烟草制品专门零售,62618,迪斯尼核心区
68,"7,570,973,869",1326200857,上海国际主题乐园有限公司,旅游饭店,51590,迪斯尼核心区
68,"8,000,000,046,392,930",1340296708,上海国际旅游度假区运营管理有限公司,其他水利管理,71248,迪斯尼核心区
68,"8,000,000,046,393,720",1335608044,上海国际主题乐园配套设施有限公司,食品、饮料及烟草制品专门零售,62617,迪斯尼核心区
68,"8,100,000,048,478,170",1259421442,上海申迪项目管理有限公司,市政公共设施管理,12262022,迪斯尼核心区
68,"7,570,974,632",1336944916,上海国际主题乐园有限公司,其他未列明的服务,62100,迪斯尼核心区
68,"8,000,000,046,393,680",1340296450,上海申迪建设有限公司,其他商务服务,66887,迪斯尼核心区
68,"7,566,693,968",1330864850,上海国际主题乐园有限公司,其他水利管理,47290,迪斯尼核心区
68,"8,000,000,046,393,430",1336941412,上海国际主题乐园配套设施有限公司,其他未列明的服务,72463,迪斯尼核心区
68,"8,000,000,046,394,700",1340890333,上海申迪建设有限公司,房地产开发经营,71793,迪斯尼核心区
68,"8,000,000,046,393,060",1339923640,唯泰精品购物村(上海)有限公司,综合零售,67624,迪斯尼核心区
68,"7,566,692,791",1330864850,上海国际主题乐园有限公司,其他水利管理,47289,迪斯尼核心区
68,"7,566,690,502",1330865417,上海国际主题乐园有限公司,水资源管理,47291,迪斯尼核心区
68,"7,566,693,362",1336826223,上海国际主题乐园配套设施有限公司,其他餐饮服务,60815,迪斯尼核心区
68,"7,566,694,275",1336826799,上海国际主题乐园配套设施有限公司,旅游饭店,58679,迪斯尼核心区
68,"7,566,689,017",1336826799,上海国际主题乐园配套设施有限公司,旅游饭店,58678,迪斯尼核心区
68,"7,566,689,357",1334967306,上海申迪项目管理有限公司,房地产开发经营,12569963,迪斯尼核心区
137,"8,000,000,046,365,890",203500462,上海良和包装材料有限公司,其他塑料制品制造,65670,迪斯尼核心区以西配套区
137,"8,000,000,046,366,890",203501375,上海峥嵘工程机械配件厂(普通合伙),日用化学产品制造,65685,迪斯尼核心区以西配套区
137,"8,000,000,046,367,120",203501396,上海市民政第二精神卫生中心,其他未列明的服务,65686,迪斯尼核心区以西配套区
137,"7,566,464,542",62057587,上海火箭电缆有限公司,电线、电缆、光缆及电工器材制造,73787,迪斯尼核心区以西配套区
137,"8,000,000,046,367,250",203500128,上海汇能特种衬套厂,其他未列明的制造业,65660,迪斯尼核心区以西配套区
137,"7,255,285,833",203500465,上海广裕制帘有限公司,其他未列明的服务,39180,迪斯尼核心区以西配套区
137,"8,000,000,046,394,000",203500463,上海恒统塑胶有限公司,橡胶板、管、带的制造,65032,迪斯尼核心区以西配套区
138,"8,100,000,048,432,960",1170040953,上海花叶榕农家乐专业合作社,无店铺及其他零售,75456,迪斯尼核心区拓展区
138,"7,566,688,406",1338544264,上海市城市排水有限公司,水资源管理,59560,迪斯尼核心区拓展区
138,"7,566,688,486",1339122018,上海建工二建集团有限公司,建筑安装业,13681948,迪斯尼核心区拓展区
138,"7,003,497,096",61560058,中国民用航空华东地区管理局空中交通管理局,航空运输业,44705,迪斯尼核心区拓展区
138,"7,566,694,834",1338544264,上海市城市排水有限公司,水资源管理,59561,迪斯尼核心区拓展区
139,"7,115,481,666",1105953332,上海市浦东新区孙桥镇中心小学,其他教育,27294,张江高科技园区核心区南部居住区
139,"8,000,000,046,357,270",62984155,上海世珍锻造有限公司分公司,金属铸、锻加工,16522645,张江高科技园区核心区南部居住区
139,"8,000,000,046,357,470",62984155,上海世珍锻造有限公司分公司,金属铸、锻加工,16522337,张江高科技园区核心区南部居住区
139,"7,249,260,080",1313364982,华东师范大学附属东昌中学南校,中等教育,29442,张江高科技园区核心区南部居住区
139,"7,253,077,284",1313364982,华东师范大学附属东昌中学南校,中等教育,29443,张江高科技园区核心区南部居住区
139,"8,000,000,046,393,040",201001006,上海世龙运输设备部件有限公司,其他未列明的制造业,68751,张江高科技园区核心区南部居住区
139,"8,000,000,046,395,040",1105953332,上海市浦东新区孙桥镇中心小学,其他教育,68662,张江高科技园区核心区南部居住区
139,"8,000,000,046,393,390",201000994,上海浦东新区粮食购销有限公司,其他仓储,68745,张江高科技园区核心区南部居住区
